Date,Subcontractor,Part,Base_Plan_Qty,Backlog_Qty,Actual_Qty
,KSA,10038-6229N;S,1000.0,0.0,0.0
,KSA,10038-6229N;S,1000.0,0.0,0.0
,KSA,10038-6229N;S,1000.0,0.0,0.0
,KSA,10038-6229N;S,1000.0,0.0,0.0
,KSA,10038-6229N;S,1000.0,0.0,0.0
,KSA,10803-009;S,1000.0,0.0,0.0
,KSA,11363-K0R-V000;S,5000.0,0.0,0.0
,KSA,11363-K0R-V000;S,5000.0,0.0,0.0
,KSA,11363-K0R-V000;S,5000.0,0.0,0.0
,KSA,11363-K0R-V000;S,5000.0,0.0,0.0
,KSA,11363-K0R-V000;S,5000.0,0.0,0.0
,KSA,11363-K0R-V000;S,5000.0,0.0,0.0
,KSA,11363-K0R-V000;S,5000.0,0.0,0.0
,KSA,11363-K0R-V000;S,5000.0,0.0,0.0
,KSA,1209421300;S,6000.0,0.0,0.0
,KSA,1209421300;S,6000.0,0.0,0.0
,KSA,1209421300;S,6000.0,0.0,0.0
,KSA,1209421300;S,6000.0,0.0,0.0
,KSA,1209421300;S,6000.0,0.0,0.0
,KSA,1209421300;S,6000.0,0.0,0.0
,KSA,1209421300;S,6000.0,0.0,0.0
,KSA,1209421300;S,6000.0,0.0,0.0
,KSA,1209421300;S,6000.0,0.0,0.0
,KSA,1209421300;S,6000.0,0.0,0.0
,KSA,1209421300;S,6000.0,0.0,0.0
,KSA,1209421300;S,6000.0,0.0,0.0
,KSA,1209421300;S,6000.0,0.0,0.0
,KSA,16325-0H020;S,3000.0,0.0,0.0
,KSA,16325-0H020;S,3000.0,0.0,0.0
,KSA,16325-0H020;S,3000.0,0.0,0.0
,KSA,16325-0H020;S,3000.0,0.0,0.0
,KSA,16325-0H020;S,3000.0,0.0,0.0
,KSA,16325-0H020;S,3000.0,0.0,0.0
,KSA,16325-0H020;S,3000.0,0.0,0.0
,KSA,16325-0H020;S,3000.0,0.0,0.0
,KSA,16325-0H020;S,2000.0,0.0,0.0
,KSA,16325-0H020;S,2000.0,0.0,0.0
,KSA,16325-0H020;S,2000.0,0.0,0.0
,KSA,16325-0H020;S,2000.0,0.0,0.0
,KSA,16325-0H020;S,2000.0,0.0,0.0
,KSA,1754967700;S,3000.0,0.0,0.0
,KSA,1754967700;S,3000.0,0.0,0.0
,KSA,1754967700;S,3000.0,0.0,0.0
,KSA,1754967700;S,3000.0,0.0,0.0
,KSA,1754967700;S,3000.0,0.0,0.0
,KSA,1754967700;S,3000.0,0.0,0.0
,KSA,17572-K26A-9000;S,1000.0,0.0,0.0
,KSA,17572-K26A-9000;S,1000.0,0.0,0.0
,KSA,17572-K26A-9000;S,1000.0,0.0,0.0
,KSA,17572-K26A-9000;S,1000.0,0.0,0.0
,KSA,17572-K26A-9000;S,1000.0,0.0,0.0
,KSA,17572-K26A-9000;S,1000.0,0.0,0.0
,KSA,17572-K26A-9000;S,1000.0,0.0,0.0
,KSA,17572-K26A-9000;S,1000.0,0.0,0.0
,KSA,19639-MKYA-D501;S,1000.0,0.0,0.0
,KSA,19639-MKYA-D501;S,1000.0,0.0,0.0
,KSA,19639-MKYA-D501;S,1000.0,0.0,0.0
,KSA,33415-K1TA-E500;S,510.0,0.0,0.0
,KSA,33415-K1TA-E500;S,510.0,0.0,0.0
,KSA,41241-MGS-D301;S,2400.0,0.0,0.0
,KSA,41241-MGS-D301;S,2400.0,0.0,0.0
,KSA,41241-MGS-D301;S,2400.0,0.0,0.0
,KSA,41241-MGS-D301;S,2400.0,0.0,0.0
,KSA,41241-MGS-D301;S,2400.0,0.0,0.0
,KSA,41241-MGS-D301;S,2400.0,0.0,0.0
,KSA,41241-MGS-D301;S,2400.0,0.0,0.0
,KSA,41241-MGS-D301;S,2400.0,0.0,0.0
,KSA,41241-MGS-D301;S,2400.0,0.0,0.0
,KSA,41241-MGS-D301;S,2400.0,0.0,0.0
,KSA,41241-MGS-D301;S,2400.0,0.0,0.0
,KSA,4772333700;S,2000.0,0.0,0.0
,KSA,4772333700;S,2000.0,0.0,0.0
,KSA,4772333700;S,2000.0,0.0,0.0
,KSA,4772333700;S,2000.0,0.0,0.0
,KSA,4772333700;S,2000.0,0.0,0.0
,KSA,4772333700;S,2000.0,0.0,0.0
,KSA,4772333700;S,2000.0,0.0,0.0
,KSA,4W4H29259;S,1200.0,0.0,0.0
,KSA,5T28681341;S,500.0,0.0,0.0
,KSA,61113-91L00;S,300.0,0.0,0.0
,KSA,61113-91L00;S,300.0,0.0,0.0
,KSA,62735-17013;S,840.0,0.0,0.0
,KSA,62735-17013;S,840.0,0.0,0.0
,KSA,62735-17013;S,840.0,0.0,0.0
,KSA,63489-0K040;S,1800.0,0.0,0.0
,KSA,63489-0K040;S,1800.0,0.0,0.0
,KSA,63489-0K040;S,1800.0,0.0,0.0
,KSA,63489-0K040;S,1800.0,0.0,0.0
,KSA,63489-0K040;S,1800.0,0.0,0.0
,KSA,63489-0K040;S,1800.0,0.0,0.0
,KSA,63489-0K040;S,1800.0,0.0,0.0
,KSA,63489-0K040;S,1800.0,0.0,0.0
,KSA,63489-0K040;S,1800.0,0.0,0.0
,KSA,63489-0K040;S,1800.0,0.0,0.0
,KSA,63489-0K040;S,1800.0,0.0,0.0
,KSA,63489-0K040;S,900.0,0.0,0.0
,KSA,63489-0K040;S,900.0,0.0,0.0
,KSA,63835A000P;S,1200.0,0.0,0.0
,KSA,63835A000P;S,600.0,0.0,0.0
,KSA,63835A000P;S,600.0,0.0,0.0
,KSA,63835A000P;S,600.0,0.0,0.0
,KSA,63835A000P;S,600.0,0.0,0.0
,KSA,63835A000P;S,600.0,0.0,0.0
,KSA,63835A000P;S,600.0,0.0,0.0
,KSA,63835A000P;S,600.0,0.0,0.0
,KSA,63835A000P;S,600.0,0.0,0.0
,KSA,63835A000P;S,600.0,0.0,0.0
,KSA,63835A000P;S,600.0,0.0,0.0
,KSA,63835A000P;S,600.0,0.0,0.0
,KSA,63835A000P;S,600.0,0.0,0.0
,KSA,77207-GN5-9101;S,12000.0,0.0,0.0
,KSA,77207-GN5-9101;S,12000.0,0.0,0.0
,KSA,77207-GN5-9101;S,12000.0,0.0,0.0
,KSA,77207-GN5-9101;S,12000.0,0.0,0.0
,KSA,77207-GN5-9101;S,12000.0,0.0,0.0
,KSA,77207-GN5-9101;S,12000.0,0.0,0.0
,KSA,77207-GN5-9101;S,12000.0,0.0,0.0
,KSA,77207-GN5-9101;S,12000.0,0.0,0.0
,KSA,77207-GN5-9101;S,12000.0,0.0,0.0
,KSA,7902S0568;S,4000.0,0.0,0.0
,KSA,7902S0568;S,4000.0,0.0,0.0
,KSA,7902S0568;S,4000.0,0.0,0.0
,KSA,7902S0568;S,4000.0,0.0,0.0
,KSA,7902S0568;S,4000.0,0.0,0.0
,KSA,7902S0568;S,4000.0,0.0,0.0
,KSA,7902S0568;S,4000.0,0.0,0.0
,KSA,7902S0568;S,4000.0,0.0,0.0
,KSA,80123-KPPA-9000;S,600.0,0.0,0.0
,KSA,80123-KPPA-9000;S,600.0,0.0,0.0
,KSA,80123-KPPA-9000;S,600.0,0.0,0.0
,KSA,80123-KPPA-9000;S,600.0,0.0,0.0
,KSA,80123-KPPA-9000;S,600.0,0.0,0.0
,KSA,85373-BZ180-H;S,2000.0,0.0,0.0
,KSA,85373-BZ180-H;S,2000.0,0.0,0.0
,KSA,85373-BZ180-H;S,2000.0,0.0,0.0
,KSA,85373-BZ180-H;S,2000.0,0.0,0.0
,KSA,8976691260;S,600.0,0.0,0.0
,KSA,8983649480-02;S,500.0,0.0,0.0
,KSA,8983649480-02;S,500.0,0.0,0.0
,KSA,8983649480-02;S,500.0,0.0,0.0
,KSA,8983649480-02;S,500.0,0.0,0.0
,KSA,8983649480-02;S,500.0,0.0,0.0
,KSA,8983649480-02;S,500.0,0.0,0.0
,KSA,8983649480-02;S,500.0,0.0,0.0
,KSA,8983649480-02;S,500.0,0.0,0.0
,KSA,8983649480-02;S,500.0,0.0,0.0
,KSA,8983649480-02;S,500.0,0.0,0.0
,KSA,8983649480-02;S,500.0,0.0,0.0
,KSA,8983649480-04;S,500.0,0.0,0.0
,KSA,8983649480-04;S,500.0,0.0,0.0
,KSA,8983649480-04;S,500.0,0.0,0.0
,KSA,8983649480-04;S,500.0,0.0,0.0
,KSA,8983649480-04;S,500.0,0.0,0.0
,KSA,8983649480-04;S,500.0,0.0,0.0
,KSA,8983649480-04;S,500.0,0.0,0.0
,KSA,8983649480-04;S,500.0,0.0,0.0
,KSA,8983649480-04;S,500.0,0.0,0.0
,KSA,8983649480-04;S,500.0,0.0,0.0
,KSA,8984848900;S,600.0,0.0,0.0
,KSA,90480-T0004;S,5000.0,0.0,0.0
,KSA,90480-T0004;S,5000.0,0.0,0.0
,KSA,90480-T0004;S,5000.0,0.0,0.0
,KSA,90480-T0004;S,5000.0,0.0,0.0
,KSA,90480-T0004;S,5000.0,0.0,0.0
,KSA,90480-T0004;S,5000.0,0.0,0.0
,KSA,90480-T0004;S,5000.0,0.0,0.0
,KSA,90480-T0004;S,5000.0,0.0,0.0
,KSA,90480-T0004;S,5000.0,0.0,0.0
,KSA,90480-T0004;S,5000.0,0.0,0.0
,KSA,90480-T0004;S,5000.0,0.0,0.0
,KSA,90480-T0004;S,5000.0,0.0,0.0
,KSA,90480-T0004;S,5000.0,0.0,0.0
,KSA,90480-T0005-AT;S,6000.0,0.0,0.0
,KSA,90480-T0005-AT;S,6000.0,0.0,0.0
,KSA,90480-T0005-AT;S,6000.0,0.0,0.0
,KSA,90480-T0005-AT;S,6000.0,0.0,0.0
,KSA,90480-T0005-AT;S,6000.0,0.0,0.0
,KSA,90480-T0005-AT;S,6000.0,0.0,0.0
,KSA,90480-T0005-AT;S,6000.0,0.0,0.0
,KSA,909565-3350;S,1600.0,0.0,0.0
,KSA,91354-YH4-6102;S,1000.0,0.0,0.0
,KSA,91354-YH4-6102;S,1000.0,0.0,0.0
,KSA,91592-TZB-0000;S,1000.0,0.0,0.0
,KSA,91592-TZB-0000;S,1000.0,0.0,0.0
,KSA,91592-TZB-0000;S,1000.0,0.0,0.0
,KSA,92075-1808B;S,3000.0,0.0,0.0
,KSA,92075-1808B;S,3000.0,0.0,0.0
,KSA,92075-1808B;S,3000.0,0.0,0.0
,KSA,92075-1808B;S,3000.0,0.0,0.0
,KSA,92075-1808B;S,3000.0,0.0,0.0
,KSA,92075-1808B;S,3000.0,0.0,0.0
,KSA,92075-1808B;S,3000.0,0.0,0.0
,KSA,92075-1808B;S,3000.0,0.0,0.0
,KSA,93848A010P;S,200.0,0.0,0.0
,KSA,93848A010P;S,200.0,0.0,0.0
,KSA,93848A010P;S,200.0,0.0,0.0
,KSA,93848A010P;S,200.0,0.0,0.0
,KSA,DCFD1125;S,5000.0,0.0,0.0
,KSA,ECD300668;S,4000.0,0.0,0.0
,KSA,HEE-255;S,300.0,0.0,0.0
,KSA,HEE-259;S,400.0,0.0,0.0
,KSA,HEE-259;S,400.0,0.0,0.0
,KSA,HEE-260;S,500.0,0.0,0.0
,KSA,HEE-260;S,500.0,0.0,0.0
,KSA,HEE-260;S,500.0,0.0,0.0
,KSA,HK1L1-256-0A-ST;S,1500.0,0.0,0.0
,KSA,HK1L1-256-0A-ST;S,1500.0,0.0,0.0
,KSA,HKVY2-470-01-TH;S,15000.0,0.0,0.0
,KSA,HKVY2-470-01-TH;S,12500.0,0.0,0.0
,KSA,HKVY2-470-01-TH;S,15000.0,0.0,0.0
,KSA,HKVY2-470-01-TH;S,12500.0,0.0,0.0
,KSA,HKVY2-470-01-TH;S,12500.0,0.0,0.0
,KSA,HKVY2-470-01-TH;S,12500.0,0.0,0.0
,KSA,HKVY2-470-01-TH;S,12500.0,0.0,0.0
,KSA,HKVY2-470-01-TH;S,12500.0,0.0,0.0
,KSA,HKVY2-470-01-TH;S,12500.0,0.0,0.0
,KSA,HKVY2-470-01-TH;S,12500.0,0.0,0.0
,KSA,HKVY2-470-01-TH;S,12500.0,0.0,0.0
,KSA,HKVY2-470-01-TH;S,12500.0,0.0,0.0
,KSA,HKVY2-470-01-TH;S,12500.0,0.0,0.0
,KSA,M900-67019;S,1000.0,0.0,0.0
,KSA,M900-67019;S,1000.0,0.0,0.0
,KSA,M900-67019;S,1000.0,0.0,0.0
,KSA,M900-67019;S,1000.0,0.0,0.0
,KSA,MD305979;S,1000.0,0.0,0.0
,KSA,MD305979;S,1000.0,0.0,0.0
,KSA,RMS-LW-Z10;S,600.0,0.0,0.0
,KSA,RMS-LW-Z11;S,400.0,0.0,0.0
,KSA,RMS-LW-Z12;S,500.0,0.0,0.0
,KSA,RMS-LW-Z12;S,500.0,0.0,0.0
,KSA,RMS-LW-Z17;S,400.0,0.0,0.0
,KSA,RMS-LW-Z17;S,400.0,0.0,0.0
,KSA,RMS-LW-Z22;S,400.0,0.0,0.0
,KSA,RMS-LW-ZK31B;S,400.0,0.0,0.0
,KSA,RMS-UP-110;S,500.0,0.0,0.0
,KSA,RMS-UP-110;S,500.0,0.0,0.0
,KSA,RMS-UP-63A;S,400.0,0.0,0.0
,KSA,RMS-UP-63A;S,400.0,0.0,0.0
,KSA,RMS-UP-S1;S,400.0,0.0,0.0
,KSA,SDR3110017;S,2000.0,0.0,0.0
,KSA,SDR3110038;S,500.0,0.0,0.0
,KSA,TG028065-1050;S,1000.0,0.0,0.0
,KSA,TG028065-1050;S,1000.0,0.0,0.0
,KSA,TG028065-1050;S,1000.0,0.0,0.0
,KSA,TG028065-1050;S,1000.0,0.0,0.0
,KSA,TG028065-1050;S,1000.0,0.0,0.0
,KSA,TG028065-1050;S,1000.0,0.0,0.0
,KSA,TG028065-1050;S,1000.0,0.0,0.0
,KSA,TG028065-1050;S,1000.0,0.0,0.0
,KSA,TG028065-1050;S,1000.0,0.0,0.0
,KSA,TG028065-1050;S,1000.0,0.0,0.0
,KSA,TG060357-0602;S,2000.0,0.0,0.0
,KSA,TG060357-0602;S,2000.0,0.0,0.0
,KSA,TG949322-3690;S,2000.0,0.0,0.0
,KSA,WIR-SL-BSH-XXX;S,1200.0,0.0,0.0
,KSA,WIR-SL-BSH-XXX;S,1200.0,0.0,0.0
,KSA,WIR-SL-BSH-XXX;S,1200.0,0.0,0.0
,KSA,WIR-SL-BSH-XXX;S,1200.0,0.0,0.0
,KSA,WIR-SL-BSH-XXX;S,1200.0,0.0,0.0
,KSA,WIR-SL-CLP/281;S,500.0,0.0,0.0
,KSA,WIR-SL-CLP/281;S,500.0,0.0,0.0
,KSA,XLR215-KUAAA-01;S,1200.0,0.0,0.0
,KSA,XLR215-KUAAA-01;S,600.0,0.0,0.0
,KSA,XLR215-KUAAA-01;S,600.0,0.0,0.0
,KSA,XLR215-KUAAA-01;S,600.0,0.0,0.0
,KSA,XLR215-KUAAA-01;S,600.0,0.0,0.0
,KSA,XLR215-KUAAA-01;S,600.0,0.0,0.0
,KSA,XLR215-KUAAA-01;S,600.0,0.0,0.0
,KSA,XLR215-KUAAA-01;S,600.0,0.0,0.0
,KSA,XLR215-KUAAA-01;S,600.0,0.0,0.0
,KSA,XLR215-KUAAA-01;S,600.0,0.0,0.0
,KSA,XLR215-KUAAA-01;S,600.0,0.0,0.0
,KSA,XLR215-KUAAA-01;S,600.0,0.0,0.0
,KSA,XLR215-KUAAA-01;S,600.0,0.0,0.0
,KSA,YN72E01033P2;S,200.0,0.0,0.0
,PS,09320-05019;S,720.0,0.0,0.0
,PS,09320-05019;S,720.0,0.0,0.0
,PS,09320-05019;S,720.0,0.0,0.0
,PS,09320-11017;S,480.0,0.0,0.0
,PS,09320-11017;S,480.0,0.0,0.0
,PS,09320-11017;S,480.0,0.0,0.0
,PS,09320-11017;S,480.0,0.0,0.0
,PS,09320-11017;S,480.0,0.0,0.0
,PS,09320-11017;S,480.0,0.0,0.0
,PS,15621-896-0100;S,500.0,0.0,0.0
,PS,16910-89L00;S,240.0,0.0,0.0
,PS,16910-89L00;S,240.0,0.0,0.0
,PS,16910-89L00;S,240.0,0.0,0.0
,PS,16910-94L00;S,300.0,0.0,0.0
,PS,16910-94L00;S,300.0,0.0,0.0
,PS,16910-94L00;S,300.0,0.0,0.0
,PS,16910-99J00;S,300.0,0.0,0.0
,PS,16910-99J00;S,300.0,0.0,0.0
,PS,170X190X4.5;S,30.0,0.0,0.0
,PS,170X190X4.5;S,30.0,0.0,0.0
,PS,17513-K67-9001;S,500.0,0.0,0.0
,PS,17513-K67-9001;S,500.0,0.0,0.0
,PS,17563-97L00;S,240.0,0.0,0.0
,PS,18345-K15-9200;S,1500.0,0.0,0.0
,PS,19420-000022;S,2000.0,0.0,0.0
,PS,19420-000022;S,2000.0,0.0,0.0
,PS,19420-000022;S,2000.0,0.0,0.0
,PS,1WS-13635-00;S,1800.0,0.0,0.0
,PS,1WS-13635-00;S,1800.0,0.0,0.0
,PS,1WS-13635-00;S,1800.0,0.0,0.0
,PS,1WS-13635-00;S,1800.0,0.0,0.0
,PS,1WS-13635-00;S,1800.0,0.0,0.0
,PS,1WS-13635-00;S,1800.0,0.0,0.0
,PS,1WS-13635-00;S,1800.0,0.0,0.0
,PS,1WS-13635-00;S,1800.0,0.0,0.0
,PS,1WS-13635-00;S,1800.0,0.0,0.0
,PS,21474-21873;S,3000.0,0.0,0.0
,PS,21474-21873;S,3000.0,0.0,0.0
,PS,23291-519YL;S,4000.0,0.0,0.0
,PS,23291-519YL;S,4000.0,0.0,0.0
,PS,23291-519YL;S,4000.0,0.0,0.0
,PS,23291-519YL;S,4000.0,0.0,0.0
,PS,23291-519YL;S,4000.0,0.0,0.0
,PS,23291-519YL;S,4000.0,0.0,0.0
,PS,23291-519YL;S,4000.0,0.0,0.0
,PS,23291-519YL;S,4000.0,0.0,0.0
,PS,23291-519YL;S,4000.0,0.0,0.0
,PS,33412-MKH-D000;S,500.0,0.0,0.0
,PS,33412-MKH-D000;S,500.0,0.0,0.0
,PS,33412-MKH-D000;S,500.0,0.0,0.0
,PS,33412-MKH-D000;S,500.0,0.0,0.0
,PS,33412-MKPA-J000;S,500.0,0.0,0.0
,PS,33452-MKH-D000;S,500.0,0.0,0.0
,PS,33452-MKH-D000;S,500.0,0.0,0.0
,PS,33452-MKH-D000;S,500.0,0.0,0.0
,PS,33452-MKH-D000;S,500.0,0.0,0.0
,PS,33452-MKH-D000;S,500.0,0.0,0.0
,PS,38415-89L00;S,300.0,0.0,0.0
,PS,4870626600;S,9120.0,0.0,0.0
,PS,4870626600;S,9120.0,0.0,0.0
,PS,4870626600;S,9120.0,0.0,0.0
,PS,4870626600;S,9120.0,0.0,0.0
,PS,4870626600;S,9120.0,0.0,0.0
,PS,4870626600;S,4560.0,0.0,0.0
,PS,48979-P9220;S,500.0,0.0,0.0
,PS,48979-P9220;S,500.0,0.0,0.0
,PS,48979-P9220;S,500.0,0.0,0.0
,PS,4897A-P9220;S,500.0,0.0,0.0
,PS,4897A-P9220;S,500.0,0.0,0.0
,PS,4897A-P9220;S,500.0,0.0,0.0
,PS,50365-K1BA-T000;S,3000.0,0.0,0.0
,PS,50365-K1BA-T000;S,3000.0,0.0,0.0
,PS,51935-06040;S,1500.0,0.0,0.0
,PS,51935-06040;S,1500.0,0.0,0.0
,PS,53109-MJP-G500;S,360.0,0.0,0.0
,PS,53109-MJP-G500;S,360.0,0.0,0.0
,PS,53109-MJP-G500;S,360.0,0.0,0.0
,PS,53109-MJP-G500;S,360.0,0.0,0.0
,PS,53109-MJP-G500;S,360.0,0.0,0.0
,PS,53109-MJP-G500;S,360.0,0.0,0.0
,PS,53109-MJP-G500;S,360.0,0.0,0.0
,PS,53109-MJP-G500;S,360.0,0.0,0.0
,PS,54151-97JL0;S,300.0,0.0,0.0
,PS,54151-97JL0;S,300.0,0.0,0.0
,PS,54167-94L00;S,300.0,0.0,0.0
,PS,54167-94L00;S,300.0,0.0,0.0
,PS,54167-94L00;S,300.0,0.0,0.0
,PS,5TN-E4747-00;S,1000.0,0.0,0.0
,PS,5TN-E4747-00;S,1000.0,0.0,0.0
,PS,5TN-E4747-00;S,1000.0,0.0,0.0
,PS,5TN-E4747-00;S,1000.0,0.0,0.0
,PS,5TN-E4747-00;S,1000.0,0.0,0.0
,PS,61124-94L10;S,300.0,0.0,0.0
,PS,61134-99JL0;S,300.0,0.0,0.0
,PS,61619-97L00;S,600.0,0.0,0.0
,PS,61619-97L00;S,600.0,0.0,0.0
,PS,61619-97L00;S,600.0,0.0,0.0
,PS,61619-97L00;S,600.0,0.0,0.0
,PS,61619-97L00;S,600.0,0.0,0.0
,PS,61622-97L00;S,300.0,0.0,0.0
,PS,61622-97L00;S,300.0,0.0,0.0
,PS,61622-97L00;S,300.0,0.0,0.0
,PS,68699-0A010;S,1920.0,0.0,0.0
,PS,68699-0A010;S,1920.0,0.0,0.0
,PS,68699-0A010;S,1920.0,0.0,0.0
,PS,76500T003900;S,2040.0,0.0,0.0
,PS,76500T003900;S,2040.0,0.0,0.0
,PS,76500T003900;S,2040.0,0.0,0.0
,PS,76500T003900;S,2040.0,0.0,0.0
,PS,76500T003900;S,2040.0,0.0,0.0
,PS,78114-YB3-0000;S,500.0,0.0,0.0
,PS,78114-YB3-0000;S,500.0,0.0,0.0
,PS,78114-YB3-0000;S,500.0,0.0,0.0
,PS,78114-YB3-0000;S,500.0,0.0,0.0
,PS,78114-YB3-0000;S,500.0,0.0,0.0
,PS,78114-YB4-0000;S,500.0,0.0,0.0
,PS,78114-YB4-0000;S,500.0,0.0,0.0
,PS,79731-T02A-T000;S,600.0,0.0,0.0
,PS,79731-T02A-T000;S,600.0,0.0,0.0
,PS,79731-T02A-T000;S,600.0,0.0,0.0
,PS,79731-T02A-T000;S,600.0,0.0,0.0
,PS,79731-T02A-T000;S,600.0,0.0,0.0
,PS,80109-KPF-9000;S,500.0,0.0,0.0
,PS,894457-2771;S,648.0,0.0,0.0
,PS,894457-2771;S,648.0,0.0,0.0
,PS,894457-2771;S,648.0,0.0,0.0
,PS,894457-2771;S,648.0,0.0,0.0
,PS,894457-2771;S,324.0,0.0,0.0
,PS,894457-2771;S,324.0,0.0,0.0
,PS,894457-2771;S,324.0,0.0,0.0
,PS,894457-2771;S,324.0,0.0,0.0
,PS,894457-2771;S,324.0,0.0,0.0
,PS,894457-2771;S,324.0,0.0,0.0
,PS,894457-2771;S,324.0,0.0,0.0
,PS,894457-2771;S,324.0,0.0,0.0
,PS,894457-2771;S,324.0,0.0,0.0
,PS,897081-5310;S,648.0,0.0,0.0
,PS,897081-5310;S,648.0,0.0,0.0
,PS,897081-5310;S,648.0,0.0,0.0
,PS,897081-5310;S,648.0,0.0,0.0
,PS,897081-5310;S,648.0,0.0,0.0
,PS,897081-5310;S,648.0,0.0,0.0
,PS,897081-5310;S,648.0,0.0,0.0
,PS,897081-5310;S,648.0,0.0,0.0
,PS,897081-5310;S,648.0,0.0,0.0
,PS,897081-5310;S,648.0,0.0,0.0
,PS,897081-5310;S,648.0,0.0,0.0
,PS,897081-5310;S,648.0,0.0,0.0
,PS,897081-5310;S,648.0,0.0,0.0
,PS,89735-42130;S,600.0,0.0,0.0
,PS,8978291420;S,510.0,0.0,0.0
,PS,8978291420;S,510.0,0.0,0.0
,PS,8978291420;S,510.0,0.0,0.0
,PS,8978291420;S,510.0,0.0,0.0
,PS,898312-732A;S,2400.0,0.0,0.0
,PS,898312-732A;S,2400.0,0.0,0.0
,PS,898312-732A;S,2400.0,0.0,0.0
,PS,898312-732A;S,2400.0,0.0,0.0
,PS,898312-732A;S,2400.0,0.0,0.0
,PS,898312-732A;S,2400.0,0.0,0.0
,PS,898312-732A;S,2400.0,0.0,0.0
,PS,898312-732A;S,2400.0,0.0,0.0
,PS,898312-732A;S,2400.0,0.0,0.0
,PS,898312-732A;S,2400.0,0.0,0.0
,PS,898312-732A;S,2400.0,0.0,0.0
,PS,8984848910;S,300.0,0.0,0.0
,PS,8984848910;S,300.0,0.0,0.0
,PS,90651-MKH-D200;S,500.0,0.0,0.0
,PS,90651-MKH-D200;S,500.0,0.0,0.0
,PS,90651-MKH-D200;S,500.0,0.0,0.0
,PS,90651-MKH-D200;S,500.0,0.0,0.0
,PS,90651-MKH-D200;S,500.0,0.0,0.0
,PS,90651-MKH-D200;S,500.0,0.0,0.0
,PS,90651-MKH-D200;S,500.0,0.0,0.0
,PS,90651-MKH-D200;S,500.0,0.0,0.0
,PS,92161-2080A;S,1500.0,0.0,0.0
,PS,92161-2080A;S,1500.0,0.0,0.0
,PS,92161-2080A;S,1500.0,0.0,0.0
,PS,92161-2080A;S,1500.0,0.0,0.0
,PS,92161-2080A;S,1500.0,0.0,0.0
,PS,BC105-74601;S,4500.0,0.0,0.0
,PS,BC105-74601;S,4500.0,0.0,0.0
,PS,BM891-74600;S,4500.0,0.0,0.0
,PS,BM891-74600;S,4500.0,0.0,0.0
,PS,EP446-19451A;S,500.0,0.0,0.0
,PS,EP446-19451A;S,500.0,0.0,0.0
,PS,EP446-19451A;S,500.0,0.0,0.0
,PS,EP446-19452A;S,500.0,0.0,0.0
,PS,EP446-19452A;S,500.0,0.0,0.0
,PS,GME203429;S,3000.0,0.0,0.0
,PS,GME203429;S,3000.0,0.0,0.0
,PS,H315-AH2-A810;S,1000.0,0.0,0.0
,PS,L8EPLA309090;S,100.0,0.0,0.0
,PS,L8EPLA309090;S,100.0,0.0,0.0
,PS,LC72E01051P1;S,100.0,0.0,0.0
,PS,LP30H01209P1;S,100.0,0.0,0.0
,PS,LQ64H01118P1;S,100.0,0.0,0.0
,PS,LQ64H01118P1;S,100.0,0.0,0.0
,PS,MJE-43301-2000-D;S,2000.0,0.0,0.0
,PS,MJE-43301-2000-D;S,2000.0,0.0,0.0
,PS,MJE-43301-2000-D;S,2000.0,0.0,0.0
,PS,MJE-43301-2000-D;S,2000.0,0.0,0.0
,PS,MJE-43301-2000-D;S,2000.0,0.0,0.0
,PS,MJE-43301-2000-D;S,2000.0,0.0,0.0
,PS,MJE-43301-2000-D;S,2000.0,0.0,0.0
,PS,MJE-43301-2000-D;S,2000.0,0.0,0.0
,PS,MJE-43301-2000-D;S,2000.0,0.0,0.0
,PS,RMS-LW-Z33;S,300.0,0.0,0.0
,PS,RMS-LW-Z33;S,300.0,0.0,0.0
,PS,SDR-311-0043;S,1000.0,0.0,0.0
,PS,SDR-311-0043;S,1000.0,0.0,0.0
,PS,SN905-27800;S,13000.0,0.0,0.0
,PS,SN905-27800;S,13000.0,0.0,0.0
,PS,SN905-27800;S,13000.0,0.0,0.0
,PS,SN905-27800;S,13000.0,0.0,0.0
,PS,TC75042061;S,100.0,0.0,0.0
,PS,TC75042061;S,100.0,0.0,0.0
,PS,YN20P01589P1;S,100.0,0.0,0.0
,PS,YN20P01589P1;S,100.0,0.0,0.0
,PS,YN20P01589P1;S,100.0,0.0,0.0
,PS,YN55M01023P1;S,100.0,0.0,0.0
,PS,YN55M01023P1;S,100.0,0.0,0.0
,PS,YN55M01023P1;S,100.0,0.0,0.0
,SCC,11010-35451;S,600.0,0.0,0.0
,SCC,11010-35451;S,1200.0,0.0,0.0
,SCC,11010-35451;S,1200.0,0.0,0.0
,SCC,11010-35451;S,1200.0,0.0,0.0
,SCC,11010-35451;S,1200.0,0.0,0.0
,SCC,11010-35451;S,1200.0,0.0,0.0
,SCC,11010-35451;S,1200.0,0.0,0.0
,SCC,11010-35451;S,1200.0,0.0,0.0
,SCC,12312-ZOZ-3000;S,3000.0,0.0,0.0
,SCC,12312-ZOZ-3000;S,3000.0,0.0,0.0
,SCC,12312-ZOZ-3000;S,3000.0,0.0,0.0
,SCC,12312-ZOZ-3000;S,3000.0,0.0,0.0
,SCC,12312-ZOZ-3000;S,3000.0,0.0,0.0
,SCC,12312-ZOZ-3000;S,3000.0,0.0,0.0
,SCC,12312-ZOZ-3000;S,3000.0,0.0,0.0
,SCC,12312-ZOZ-3000;S,3000.0,0.0,0.0
,SCC,12312-ZOZ-3000;S,3000.0,0.0,0.0
,SCC,13832-89L00;S,300.0,0.0,0.0
,SCC,15422-89L00;S,240.0,0.0,0.0
,SCC,15422-89L00;S,240.0,0.0,0.0
,SCC,15422-89L00;S,240.0,0.0,0.0
,SCC,15422-89L00;S,240.0,0.0,0.0
,SCC,15422-89L00;S,240.0,0.0,0.0
,SCC,15422-89L00;S,240.0,0.0,0.0
,SCC,15422-89L00;S,240.0,0.0,0.0
,SCC,15422-89L00;S,240.0,0.0,0.0
,SCC,15422-Z3VA-0001;S,700.0,0.0,0.0
,SCC,15422-Z3VA-0001;S,700.0,0.0,0.0
,SCC,15422-Z3VA-0001;S,700.0,0.0,0.0
,SCC,15422-Z3VA-0001;S,700.0,0.0,0.0
,SCC,15422-Z3VA-0001;S,700.0,0.0,0.0
,SCC,15422-Z3VA-0001;S,700.0,0.0,0.0
,SCC,17270-KPHA-9000;S,720.0,0.0,0.0
,SCC,17270-KPHA-9000;S,720.0,0.0,0.0
,SCC,17270-KPHA-9000;S,720.0,0.0,0.0
,SCC,17270-KPHA-9000;S,720.0,0.0,0.0
,SCC,17270-KPHA-9000;S,720.0,0.0,0.0
,SCC,17270-KPHA-9000;S,720.0,0.0,0.0
,SCC,17270-KPHA-9000;S,720.0,0.0,0.0
,SCC,17270-KPHA-9000;S,720.0,0.0,0.0
,SCC,17270-KPHA-9000;S,720.0,0.0,0.0
,SCC,18293-KYY-9000;S,5000.0,0.0,0.0
,SCC,18293-KYY-9000;S,5000.0,0.0,0.0
,SCC,18293-KYY-9000;S,5000.0,0.0,0.0
,SCC,18293-KYY-9000;S,5000.0,0.0,0.0
,SCC,18293-KYY-9000;S,5000.0,0.0,0.0
,SCC,18293-KYY-9000;S,5000.0,0.0,0.0
,SCC,18293-KYY-9000;S,5000.0,0.0,0.0
,SCC,18293-KYY-9000;S,5000.0,0.0,0.0
,SCC,18293-KYY-9000;S,5000.0,0.0,0.0
,SCC,1T021-35772;S,1000.0,0.0,0.0
,SCC,1T021-35772;S,1000.0,0.0,0.0
,SCC,1T021-35772;S,1000.0,0.0,0.0
,SCC,1T021-35772;S,1000.0,0.0,0.0
,SCC,1T021-35772;S,1000.0,0.0,0.0
,SCC,1T021-35772;S,1000.0,0.0,0.0
,SCC,1T021-35772;S,1000.0,0.0,0.0
,SCC,1T021-35772;S,1000.0,0.0,0.0
,SCC,1T021-35772;S,1000.0,0.0,0.0
,SCC,1T021-35772;S,1000.0,0.0,0.0
,SCC,1T021-35772;S,1000.0,0.0,0.0
,SCC,1T021-35772;S,1000.0,0.0,0.0
,SCC,1T021-35772;S,1000.0,0.0,0.0
,SCC,215XBF280A;S,5000.0,0.0,0.0
,SCC,215XBF280A;S,5000.0,0.0,0.0
,SCC,215XBF280A;S,5000.0,0.0,0.0
,SCC,215XBF280A;S,5000.0,0.0,0.0
,SCC,215XBF280A;S,5000.0,0.0,0.0
,SCC,215XBF280A;S,5000.0,0.0,0.0
,SCC,22000/100-41555;S,240.0,0.0,0.0
,SCC,22000/100-41555;S,240.0,0.0,0.0
,SCC,22000/100-41555;S,240.0,0.0,0.0
,SCC,22000/100-41555;S,240.0,0.0,0.0
,SCC,22000/100-41555;S,240.0,0.0,0.0
,SCC,22000/100-41555;S,240.0,0.0,0.0
,SCC,22000/100-41555;S,240.0,0.0,0.0
,SCC,22000/100-41555;S,240.0,0.0,0.0
,SCC,22000/100-41555;S,240.0,0.0,0.0
,SCC,22000/100-41555;S,240.0,0.0,0.0
,SCC,22000/100-41555;S,240.0,0.0,0.0
,SCC,22000/100-41555;S,240.0,0.0,0.0
,SCC,22000/100-41555;S,240.0,0.0,0.0
,SCC,260X165X1.1-SUM;S,60.0,0.0,0.0
,SCC,3/4-7159-99-7;S,2000.0,0.0,0.0
,SCC,31237-632K0;S,600.0,0.0,0.0
,SCC,31237-632K0;S,600.0,0.0,0.0
,SCC,31237-632K0;S,600.0,0.0,0.0
,SCC,31237-632K0;S,600.0,0.0,0.0
,SCC,33412-MKKA-A002;S,500.0,0.0,0.0
,SCC,33412-MKKA-A002;S,500.0,0.0,0.0
,SCC,33412-MKKA-A002;S,500.0,0.0,0.0
,SCC,33412-MKKA-A002;S,500.0,0.0,0.0
,SCC,33412-MKKA-A002;S,500.0,0.0,0.0
,SCC,33412-MKKA-A002;S,500.0,0.0,0.0
,SCC,33412-MKKA-A002;S,500.0,0.0,0.0
,SCC,33412-MKKA-A002;S,500.0,0.0,0.0
,SCC,33412-MKKA-A002;S,500.0,0.0,0.0
,SCC,33412-MKKA-A002;S,500.0,0.0,0.0
,SCC,33925-89L00;S,300.0,0.0,0.0
,SCC,33925-89L00;S,300.0,0.0,0.0
,SCC,36612-89L10;S,300.0,0.0,0.0
,SCC,36612-89L10;S,300.0,0.0,0.0
,SCC,47608D000P;S,300.0,0.0,0.0
,SCC,47608D000P;S,300.0,0.0,0.0
,SCC,48978-P9220;S,500.0,0.0,0.0
,SCC,48978-P9220;S,500.0,0.0,0.0
,SCC,48978-P9220;S,500.0,0.0,0.0
,SCC,52115-98600;S,360.0,0.0,0.0
,SCC,52115-98600;S,360.0,0.0,0.0
,SCC,52115-98600;S,360.0,0.0,0.0
,SCC,52115-98600;S,360.0,0.0,0.0
,SCC,52115-98600;S,360.0,0.0,0.0
,SCC,54151-94L00;S,300.0,0.0,0.0
,SCC,55020-2478;S,500.0,0.0,0.0
,SCC,55020-2478;S,500.0,0.0,0.0
,SCC,55020-2478;S,500.0,0.0,0.0
,SCC,61134-94L00;S,300.0,0.0,0.0
,SCC,61134-94L00;S,300.0,0.0,0.0
,SCC,63485-0G030;S,600.0,0.0,0.0
,SCC,63485-0G030;S,600.0,0.0,0.0
,SCC,63485-0G030;S,600.0,0.0,0.0
,SCC,63485-0G030;S,600.0,0.0,0.0
,SCC,63485-0G030;S,600.0,0.0,0.0
,SCC,63485-0G030;S,600.0,0.0,0.0
,SCC,63485-0G030;S,600.0,0.0,0.0
,SCC,63485-0G030;S,600.0,0.0,0.0
,SCC,63485-0G030;S,600.0,0.0,0.0
,SCC,63485-0G030;S,600.0,0.0,0.0
,SCC,63487-0G030;S,600.0,0.0,0.0
,SCC,63487-0G030;S,600.0,0.0,0.0
,SCC,63487-0G030;S,600.0,0.0,0.0
,SCC,63487-0G030;S,600.0,0.0,0.0
,SCC,63487-0G030;S,600.0,0.0,0.0
,SCC,63487-0G030;S,600.0,0.0,0.0
,SCC,63487-0G030;S,600.0,0.0,0.0
,SCC,63487-0G030;S,600.0,0.0,0.0
,SCC,63487-0G030;S,600.0,0.0,0.0
,SCC,63487-0G030;S,600.0,0.0,0.0
,SCC,63832A010P;S,2400.0,0.0,0.0
,SCC,63832A010P;S,2400.0,0.0,0.0
,SCC,63832A010P;S,2400.0,0.0,0.0
,SCC,63832A010P;S,2400.0,0.0,0.0
,SCC,63832A010P;S,2400.0,0.0,0.0
,SCC,63832A010P;S,2400.0,0.0,0.0
,SCC,63832A010P;S,2400.0,0.0,0.0
,SCC,63832A010P;S,2400.0,0.0,0.0
,SCC,63832A010P;S,2400.0,0.0,0.0
,SCC,63832D000P;S,300.0,0.0,0.0
,SCC,63832D000P;S,300.0,0.0,0.0
,SCC,63832D000P;S,300.0,0.0,0.0
,SCC,63832D000P;S,300.0,0.0,0.0
,SCC,63832D000P;S,300.0,0.0,0.0
,SCC,63832D000P;S,300.0,0.0,0.0
,SCC,65284-97L00;S,300.0,0.0,0.0
,SCC,65284-97L00;S,300.0,0.0,0.0
,SCC,65284-97L00;S,300.0,0.0,0.0
,SCC,65284-97L00;S,300.0,0.0,0.0
,SCC,65284-97L00;S,300.0,0.0,0.0
,SCC,66324-0K020;S,1500.0,0.0,0.0
,SCC,66324-0K020;S,1500.0,0.0,0.0
,SCC,66324-0K020;S,1500.0,0.0,0.0
,SCC,66324-0K020;S,1500.0,0.0,0.0
,SCC,66324-0K020;S,1500.0,0.0,0.0
,SCC,66324-0K020;S,1500.0,0.0,0.0
,SCC,66324-0K020;S,1500.0,0.0,0.0
,SCC,66324-0K020;S,1500.0,0.0,0.0
,SCC,66324-0K020;S,1500.0,0.0,0.0
,SCC,66324-0K020;S,1500.0,0.0,0.0
,SCC,66324-0K020;S,1500.0,0.0,0.0
,SCC,66324-0K020;S,1500.0,0.0,0.0
,SCC,66324-0K020;S,1500.0,0.0,0.0
,SCC,76403-SAA-0001;S,780.0,0.0,0.0
,SCC,76403-SAA-0001;S,780.0,0.0,0.0
,SCC,78118-YB3-0040;S,900.0,0.0,0.0
,SCC,78118-YB3-0040;S,900.0,0.0,0.0
,SCC,78118-YB3-0040;S,900.0,0.0,0.0
,SCC,78118-YB4-0040;S,900.0,0.0,0.0
,SCC,78118-YB4-0040;S,900.0,0.0,0.0
,SCC,83504-GE0-0001;S,3000.0,0.0,0.0
,SCC,83504-GE0-0001;S,3000.0,0.0,0.0
,SCC,83504-GE0-0001;S,3000.0,0.0,0.0
,SCC,83504-GE0-0001;S,3000.0,0.0,0.0
,SCC,83504-GE0-0001;S,3000.0,0.0,0.0
,SCC,83504-GE0-0001;S,3000.0,0.0,0.0
,SCC,83504-GE0-0001;S,3000.0,0.0,0.0
,SCC,83504-GE0-0001;S,3000.0,0.0,0.0
,SCC,894457-2781;S,792.0,0.0,0.0
,SCC,894457-2781;S,792.0,0.0,0.0
,SCC,894457-2781;S,792.0,0.0,0.0
,SCC,894457-2781;S,792.0,0.0,0.0
,SCC,894457-2781;S,792.0,0.0,0.0
,SCC,894457-2781;S,792.0,0.0,0.0
,SCC,894457-2781;S,792.0,0.0,0.0
,SCC,894457-2781;S,792.0,0.0,0.0
,SCC,89639-851YL;S,6000.0,0.0,0.0
,SCC,89639-851YL;S,6000.0,0.0,0.0
,SCC,89639-851YL;S,6000.0,0.0,0.0
,SCC,89639-851YL;S,6000.0,0.0,0.0
,SCC,89639-851YL;S,6000.0,0.0,0.0
,SCC,89639-851YL;S,6000.0,0.0,0.0
,SCC,89639-851YL;S,6000.0,0.0,0.0
,SCC,89639-851YL;S,6000.0,0.0,0.0
,SCC,89639-851YL;S,6000.0,0.0,0.0
,SCC,89639-851YL;S,6000.0,0.0,0.0
,SCC,89639-851YL;S,6000.0,0.0,0.0
,SCC,89639-851YL;S,6000.0,0.0,0.0
,SCC,89639-851YL;S,6000.0,0.0,0.0
,SCC,897916-0150;S,480.0,0.0,0.0
,SCC,897916-0150;S,480.0,0.0,0.0
,SCC,897916-0150;S,480.0,0.0,0.0
,SCC,897916-0150;S,480.0,0.0,0.0
,SCC,897916-0150;S,480.0,0.0,0.0
,SCC,897916-0150;S,480.0,0.0,0.0
,SCC,897916-0150;S,480.0,0.0,0.0
,SCC,897916-0150;S,480.0,0.0,0.0
,SCC,897916-0150;S,480.0,0.0,0.0
,SCC,897916-0150;S,480.0,0.0,0.0
,SCC,897916-0150;S,480.0,0.0,0.0
,SCC,897916-0150;S,480.0,0.0,0.0
,SCC,897916-0150;S,480.0,0.0,0.0
,SCC,897920-0490;S,200.0,0.0,0.0
,SCC,897920-0490;S,200.0,0.0,0.0
,SCC,897920-0490;S,200.0,0.0,0.0
,SCC,897920-0490;S,200.0,0.0,0.0
,SCC,897920-0490;S,200.0,0.0,0.0
,SCC,897920-0490;S,200.0,0.0,0.0
,SCC,897920-0490;S,200.0,0.0,0.0
,SCC,897920-0490;S,200.0,0.0,0.0
,SCC,897920-0490;S,200.0,0.0,0.0
,SCC,897920-0490;S,200.0,0.0,0.0
,SCC,897920-0490;S,200.0,0.0,0.0
,SCC,897920-0490;S,200.0,0.0,0.0
,SCC,897920-0490;S,200.0,0.0,0.0
,SCC,898197-4480;S,3000.0,0.0,0.0
,SCC,898197-4480;S,3000.0,0.0,0.0
,SCC,898197-4480;S,3000.0,0.0,0.0
,SCC,898197-4480;S,3000.0,0.0,0.0
,SCC,898197-4480;S,3000.0,0.0,0.0
,SCC,898197-4480;S,3000.0,0.0,0.0
,SCC,90044-80643;S,4000.0,0.0,0.0
,SCC,90044-80643;S,4000.0,0.0,0.0
,SCC,90044-80643;S,4000.0,0.0,0.0
,SCC,90044-80643;S,4000.0,0.0,0.0
,SCC,90044-80643;S,4000.0,0.0,0.0
,SCC,90044-80643;S,4000.0,0.0,0.0
,SCC,90044-80643;S,4000.0,0.0,0.0
,SCC,90540-13006;S,5000.0,0.0,0.0
,SCC,90540-13006;S,5000.0,0.0,0.0
,SCC,90540-13006;S,5000.0,0.0,0.0
,SCC,90540-13006;S,5000.0,0.0,0.0
,SCC,90540-13006;S,5000.0,0.0,0.0
,SCC,92160-1116A;S,600.0,0.0,0.0
,SCC,92160-1116A;S,600.0,0.0,0.0
,SCC,92160-1116A;S,600.0,0.0,0.0
,SCC,92160-1116A;S,600.0,0.0,0.0
,SCC,LQ03H01355P1;S,100.0,0.0,0.0
,SCC,LQ03H01355P1;S,100.0,0.0,0.0
,SCC,LQ03H01355P1;S,100.0,0.0,0.0
,SCC,MB402060;S,2520.0,0.0,0.0
,SCC,MB402060;S,2520.0,0.0,0.0
,SCC,MB402060;S,2520.0,0.0,0.0
,SCC,MB584531;S,4320.0,0.0,0.0
,SCC,MB584531;S,4320.0,0.0,0.0
,SCC,MB584531;S,4320.0,0.0,0.0
,SCC,MB584531;S,4320.0,0.0,0.0
,SCC,MB584531;S,4320.0,0.0,0.0
,SCC,MB584531;S,4320.0,0.0,0.0
,SCC,MB584531;S,4320.0,0.0,0.0
,SCC,MB584531;S,4320.0,0.0,0.0
,SCC,MB584531;S,4320.0,0.0,0.0
,SCC,MB584531;S,4320.0,0.0,0.0
,SCC,MB584531;S,4320.0,0.0,0.0
,SCC,MN135603;S,3000.0,0.0,0.0
,SCC,MN135603;S,3000.0,0.0,0.0
,SCC,MN135603;S,3000.0,0.0,0.0
,SCC,MN135603;S,3000.0,0.0,0.0
,SCC,MN135603;S,3000.0,0.0,0.0
,SCC,MN135603;S,3000.0,0.0,0.0
,SCC,MN135603;S,3000.0,0.0,0.0
,SCC,MN135603;S,3000.0,0.0,0.0
,SCC,MN135603;S,3000.0,0.0,0.0
,SCC,MR573684;S,900.0,0.0,0.0
,SCC,MR992329;S,1200.0,0.0,0.0
,SCC,MR992329;S,1200.0,0.0,0.0
,SCC,MU670024;S,6000.0,0.0,0.0
,SCC,MU670024;S,12000.0,0.0,0.0
,SCC,MU670024;S,6000.0,0.0,0.0
,SCC,MU670024;S,12000.0,0.0,0.0
,SCC,MU670024;S,6000.0,0.0,0.0
,SCC,MU670024;S,12000.0,0.0,0.0
,SCC,MU670024;S,6000.0,0.0,0.0
,SCC,MU670024;S,6000.0,0.0,0.0
,SCC,MU670024;S,12000.0,0.0,0.0
,SCC,MU670024;S,6000.0,0.0,0.0
,SCC,MU670024;S,6000.0,0.0,0.0
,SCC,MU670024;S,6000.0,0.0,0.0
,SCC,MU670024;S,6000.0,0.0,0.0
,SCC,MU670025;S,5100.0,0.0,0.0
,SCC,MU670025;S,5100.0,0.0,0.0
,SCC,MU670025;S,5100.0,0.0,0.0
,SCC,MU670025;S,5100.0,0.0,0.0
,SCC,MU670025;S,5100.0,0.0,0.0
,SCC,MU670025;S,5100.0,0.0,0.0
,SCC,MU670025;S,5100.0,0.0,0.0
,SCC,MU670025;S,5100.0,0.0,0.0
,SCC,MU670025;S,5100.0,0.0,0.0
,SCC,MU670025;S,5100.0,0.0,0.0
,SCC,MU670025;S,5100.0,0.0,0.0
,SCC,MU670025;S,5100.0,0.0,0.0
,SCC,MU670025;S,5100.0,0.0,0.0
,SCC,RB3000008010;S,2000.0,0.0,0.0
,SCC,RB3000008010;S,2000.0,0.0,0.0
,SCC,RB6000032580;S,5000.0,0.0,0.0
,SCC,RB6000032580;S,5000.0,0.0,0.0
,SCC,RB6000032580;S,5000.0,0.0,0.0
,SCC,RB6000032580;S,5000.0,0.0,0.0
,SCC,RB6000032580;S,5000.0,0.0,0.0
,SCC,RB6000032580;S,5000.0,0.0,0.0
,SCC,RB6000032580;S,5000.0,0.0,0.0
,SCC,RB6000032580;S,5000.0,0.0,0.0
,SCC,RB6000032580;S,5000.0,0.0,0.0
,SCC,RB6000032580;S,5000.0,0.0,0.0
,SCC,RB6000032580;S,5000.0,0.0,0.0
,SCC,RB6000032580;S,5000.0,0.0,0.0
,SCC,RB6000032580;S,5000.0,0.0,0.0
,SCC,RMS-LW-Z18;S,400.0,0.0,0.0
,SCC,RMS-LW-Z18;S,400.0,0.0,0.0
,SCC,RMS-UP-44;S,400.0,0.0,0.0
,SCC,YN32H01315P1;S,100.0,0.0,0.0
,SCC,YN32H01315P1;S,100.0,0.0,0.0
,SCC,YN42H02321P1;S,100.0,0.0,0.0
,SCC,YN42H02321P1;S,100.0,0.0,0.0
,SCC,YN52F02796P1;S,100.0,0.0,0.0
,TPT,10674-109;S,1000.0,0.0,0.0
,TPT,12391-ZE8-0000;S,500.0,0.0,0.0
,TPT,12391-ZE8-0000;S,500.0,0.0,0.0
,TPT,13832-94L10;S,300.0,0.0,0.0
,TPT,13832-94L10;S,300.0,0.0,0.0
,TPT,15841-1182-3;S,2000.0,0.0,0.0
,TPT,15841-1182-3;S,2000.0,0.0,0.0
,TPT,16097-20841;S,2000.0,0.0,0.0
,TPT,16097-20841;S,2000.0,0.0,0.0
,TPT,16097-20841;S,2000.0,0.0,0.0
,TPT,16097-20841;S,2000.0,0.0,0.0
,TPT,16097-20841;S,2000.0,0.0,0.0
,TPT,16851-1452-3;S,2000.0,0.0,0.0
,TPT,17611-T50A-J010;S,600.0,0.0,0.0
,TPT,17611-T50A-J010;S,600.0,0.0,0.0
,TPT,17611-T50A-J010;S,600.0,0.0,0.0
,TPT,17611-T50A-J010;S,300.0,0.0,0.0
,TPT,17611-T50A-J010;S,300.0,0.0,0.0
,TPT,17611-T50A-J010;S,300.0,0.0,0.0
,TPT,17611-T50A-J010;S,300.0,0.0,0.0
,TPT,17611-T50A-J010;S,300.0,0.0,0.0
,TPT,17890-BZ020-RCP2;S,5000.0,0.0,0.0
,TPT,17890-BZ020-RCP2;S,5000.0,0.0,0.0
,TPT,32980-99J00;S,240.0,0.0,0.0
,TPT,33452-MKPA-J000;S,500.0,0.0,0.0
,TPT,33452-MKPA-J000;S,500.0,0.0,0.0
,TPT,3655640400;S,6000.0,0.0,0.0
,TPT,3655640400;S,2000.0,0.0,0.0
,TPT,3655640400;S,3000.0,0.0,0.0
,TPT,3655640400;S,3000.0,0.0,0.0
,TPT,3655640400;S,3000.0,0.0,0.0
,TPT,3655640400;S,5000.0,0.0,0.0
,TPT,3655640400;S,5000.0,0.0,0.0
,TPT,3655640400;S,5000.0,0.0,0.0
,TPT,36612-89L00;S,300.0,0.0,0.0
,TPT,36612-89L00;S,300.0,0.0,0.0
,TPT,36612-89L00;S,300.0,0.0,0.0
,TPT,43434-ME1-6700;S,14000.0,0.0,0.0
,TPT,43434-ME1-6700;S,7000.0,0.0,0.0
,TPT,43434-ME1-6700;S,7000.0,0.0,0.0
,TPT,43434-ME1-6700;S,14000.0,0.0,0.0
,TPT,43434-ME1-6700;S,7000.0,0.0,0.0
,TPT,43434-ME1-6700;S,7000.0,0.0,0.0
,TPT,43434-ME1-6700;S,7000.0,0.0,0.0
,TPT,43434-ME1-6700;S,7000.0,0.0,0.0
,TPT,47149-16010;S,4000.0,0.0,0.0
,TPT,47149-16010;S,4000.0,0.0,0.0
,TPT,47149-16010;S,4000.0,0.0,0.0
,TPT,47149-16010;S,4000.0,0.0,0.0
,TPT,54144-94L00;S,240.0,0.0,0.0
,TPT,5T12425631;S,500.0,0.0,0.0
,TPT,61151-91J11;S,960.0,0.0,0.0
,TPT,61151-91J11;S,960.0,0.0,0.0
,TPT,61151-91J11;S,960.0,0.0,0.0
,TPT,61151-91J11;S,960.0,0.0,0.0
,TPT,61151-91J11;S,960.0,0.0,0.0
,TPT,61622-90L00;S,300.0,0.0,0.0
,TPT,61622-90L00;S,300.0,0.0,0.0
,TPT,61622-90L00;S,300.0,0.0,0.0
,TPT,61622-90L00;S,300.0,0.0,0.0
,TPT,61622-90L00;S,300.0,0.0,0.0
,TPT,63116-97L00;S,300.0,0.0,0.0
,TPT,63116-97L00;S,300.0,0.0,0.0
,TPT,63116-97L00;S,300.0,0.0,0.0
,TPT,63116-97L00;S,300.0,0.0,0.0
,TPT,63116-97L00;S,300.0,0.0,0.0
,TPT,63116-97L00;S,300.0,0.0,0.0
,TPT,63484-0G030;S,1200.0,0.0,0.0
,TPT,63484-0G030;S,600.0,0.0,0.0
,TPT,63484-0G030;S,600.0,0.0,0.0
,TPT,63484-0G030;S,1200.0,0.0,0.0
,TPT,63484-0G030;S,600.0,0.0,0.0
,TPT,63484-0G030;S,600.0,0.0,0.0
,TPT,63484-0G030;S,600.0,0.0,0.0
,TPT,63484-0G030;S,600.0,0.0,0.0
,TPT,63487-0K040;S,2700.0,0.0,0.0
,TPT,63487-0K040;S,2700.0,0.0,0.0
,TPT,63487-0K040;S,2700.0,0.0,0.0
,TPT,63487-0K040;S,2700.0,0.0,0.0
,TPT,63487-0K040;S,2700.0,0.0,0.0
,TPT,63487-0K040;S,1800.0,0.0,0.0
,TPT,63487-0K040;S,1800.0,0.0,0.0
,TPT,63487-0K040;S,1800.0,0.0,0.0
,TPT,63488-0G030;S,1200.0,0.0,0.0
,TPT,63488-0G030;S,1200.0,0.0,0.0
,TPT,63488-0G030;S,600.0,0.0,0.0
,TPT,63488-0G030;S,600.0,0.0,0.0
,TPT,63488-0G030;S,600.0,0.0,0.0
,TPT,63488-0G030;S,600.0,0.0,0.0
,TPT,63488-0G030;S,600.0,0.0,0.0
,TPT,63488-0G030;S,600.0,0.0,0.0
,TPT,63713-Z40A-T300;S,1000.0,0.0,0.0
,TPT,75200T004200;S,5000.0,0.0,0.0
,TPT,7713890-00-A-00;S,1800.0,0.0,0.0
,TPT,84K-43301-2000-D;S,1500.0,0.0,0.0
,TPT,84K-43301-2000-D;S,1500.0,0.0,0.0
,TPT,84K-43301-2000-D;S,1500.0,0.0,0.0
,TPT,84K-43301-2000-D;S,3000.0,0.0,0.0
,TPT,84K-43301-2000-D;S,1500.0,0.0,0.0
,TPT,84K-43301-2000-D;S,1500.0,0.0,0.0
,TPT,84K-43301-2000-D;S,1500.0,0.0,0.0
,TPT,84K-43301-2000-D;S,1500.0,0.0,0.0
,TPT,8975395890;S,510.0,0.0,0.0
,TPT,8975395890;S,510.0,0.0,0.0
,TPT,8975395890;S,510.0,0.0,0.0
,TPT,8975395890;S,510.0,0.0,0.0
,TPT,8975395890;S,510.0,0.0,0.0
,TPT,8983956440;S,3600.0,0.0,0.0
,TPT,8983956440;S,3600.0,0.0,0.0
,TPT,8983956440;S,3600.0,0.0,0.0
,TPT,8983956440;S,3600.0,0.0,0.0
,TPT,8983956440;S,3600.0,0.0,0.0
,TPT,8983956440;S,3600.0,0.0,0.0
,TPT,8984848890;S,300.0,0.0,0.0
,TPT,8984848890;S,300.0,0.0,0.0
,TPT,8984848890;S,300.0,0.0,0.0
,TPT,91599-TWB-H200;S,480.0,0.0,0.0
,TPT,91599-TWB-H200;S,480.0,0.0,0.0
,TPT,91599-TWB-H200;S,480.0,0.0,0.0
,TPT,92160-1303A;S,2000.0,0.0,0.0
,TPT,92160-1303A;S,2000.0,0.0,0.0
,TPT,92160-1303A;S,1000.0,0.0,0.0
,TPT,92160-1303A;S,1000.0,0.0,0.0
,TPT,92160-1303A;S,1000.0,0.0,0.0
,TPT,92160-1303A;S,1000.0,0.0,0.0
,TPT,92160-1303A;S,1000.0,0.0,0.0
,TPT,92160-1303A;S,1000.0,0.0,0.0
,TPT,DPR-E133;S,2000.0,0.0,0.0
,TPT,DPR-E133;S,1000.0,0.0,0.0
,TPT,HT5A2-256-0A-TH;S,4320.0,0.0,0.0
,TPT,HT5A2-256-0A-TH;S,4320.0,0.0,0.0
,TPT,HT5A2-256-0A-TH;S,4320.0,0.0,0.0
,TPT,HT5A2-256-0A-TH;S,4320.0,0.0,0.0
,TPT,HT5A2-256-0A-TH;S,4320.0,0.0,0.0
,TPT,MLZ-43502-2000-D;S,2000.0,0.0,0.0
,TPT,MLZ-43502-2000-D;S,2000.0,0.0,0.0
,TPT,R215-KUADA-01;S,200.0,0.0,0.0
,TPT,R215-KUADA-01;S,200.0,0.0,0.0
,TPT,R215-KUADA-01;S,200.0,0.0,0.0
,TPT,R215-KUADA-01;S,200.0,0.0,0.0
,TPT,RMS-UP-55;S,1000.0,0.0,0.0
,TPT,TG028062-5790;S,1000.0,0.0,0.0
,TPT,TG028065-0250;S,1000.0,0.0,0.0
,TPT,TG028065-0250;S,1000.0,0.0,0.0
,TPT,TG028065-0250;S,1000.0,0.0,0.0
,TPT,TG028065-0290;S,2000.0,0.0,0.0
,TPT,TG028065-0290;S,2000.0,0.0,0.0
,TPT,TG028065-0290;S,2000.0,0.0,0.0
,TPT,TG028065-0290;S,2000.0,0.0,0.0
,TPT,TG028065-0290;S,2000.0,0.0,0.0
,TPT,TG028065-0290;S,2000.0,0.0,0.0
,TPT,TG028065-0290;S,2000.0,0.0,0.0
,TPT,TG028065-0290;S,2000.0,0.0,0.0
,TPT,TG028065-0300;S,1000.0,0.0,0.0
,TPT,TG028065-0300;S,1000.0,0.0,0.0
,TPT,TG028065-0300;S,1000.0,0.0,0.0
,TPT,TG028065-0300;S,1000.0,0.0,0.0
,TPT,TG028065-0300;S,1000.0,0.0,0.0
,TPT,TG028065-0300;S,1000.0,0.0,0.0
,TPT,TG028065-0300;S,1000.0,0.0,0.0
,TPT,TG028065-0300;S,1000.0,0.0,0.0
,TPT,YN43H01524P1;S,200.0,0.0,0.0
,TPT,YN43H01524P1;S,200.0,0.0,0.0
,TPT,YN43H01524P1;S,200.0,0.0,0.0
,TPT,YN43H01524P1;S,200.0,0.0,0.0
,TPT,YN43H01524P1;S,200.0,0.0,0.0
,TPT,YN43H01524P1;S,200.0,0.0,0.0
,TPT,YN43H01524P1;S,200.0,0.0,0.0
,TPT,YN43H01524P1;S,200.0,0.0,0.0
,TPT,YN52F02751P1;S,100.0,0.0,0.0
,TPT,YN52F02753P1;S,100.0,0.0,0.0
,VK,1615085102;S,5200.0,0.0,0.0
,VK,1615085102;S,5200.0,0.0,0.0
,VK,1615085102;S,5200.0,0.0,0.0
,VK,1615085102;S,5200.0,0.0,0.0
,VK,1615085102;S,5200.0,0.0,0.0
,VK,1615085102;S,5200.0,0.0,0.0
,VK,1615085102;S,5200.0,0.0,0.0
,VK,1615085102;S,5200.0,0.0,0.0
,VK,1615085102;S,5200.0,0.0,0.0
,VK,1615085102;S,5200.0,0.0,0.0
,VK,1615085102;S,5200.0,0.0,0.0
,VK,1615085102;S,5200.0,0.0,0.0
,VK,1615085102;S,5200.0,0.0,0.0
,VK,17516-896-7000;S,1500.0,0.0,0.0
,VK,17516-896-7000;S,1500.0,0.0,0.0
,VK,33452-MKKA-A002;S,500.0,0.0,0.0
,VK,33452-MKKA-A002;S,500.0,0.0,0.0
,VK,33452-MKKA-A002;S,500.0,0.0,0.0
,VK,33452-MKKA-A002;S,500.0,0.0,0.0
,VK,33452-MKKA-A002;S,500.0,0.0,0.0
,VK,33452-MKKA-A002;S,500.0,0.0,0.0
,VK,33452-MKKA-A002;S,500.0,0.0,0.0
,VK,33452-MKKA-A002;S,500.0,0.0,0.0
,VK,33452-MKKA-A002;S,500.0,0.0,0.0
,VK,33452-MKKA-A002;S,500.0,0.0,0.0
,VK,33452-MKKA-A002;S,500.0,0.0,0.0
,VK,4PA04307-2C;S,2400.0,0.0,0.0
,VK,4PA04470-1;S,2000.0,0.0,0.0
,VK,4PA04470-1;S,1000.0,0.0,0.0
,VK,4PA04470-1;S,1000.0,0.0,0.0
,VK,4PA04470-1;S,1000.0,0.0,0.0
,VK,4PA04470-1;S,1000.0,0.0,0.0
,VK,4PA04470-1;S,1000.0,0.0,0.0
,VK,53165-430-0000;S,200.0,0.0,0.0
,VK,53166-430-0000;S,200.0,0.0,0.0
,VK,54144-89L00;S,300.0,0.0,0.0
,VK,54144-89L00;S,300.0,0.0,0.0
,VK,54144-89L00;S,300.0,0.0,0.0
,VK,54144-89L00;S,300.0,0.0,0.0
,VK,65709-0K020;S,5600.0,0.0,0.0
,VK,65709-0K020;S,5600.0,0.0,0.0
,VK,65709-0K020;S,5600.0,0.0,0.0
,VK,65709-0K020;S,5600.0,0.0,0.0
,VK,65709-0K020;S,5600.0,0.0,0.0
,VK,65709-0K020;S,5600.0,0.0,0.0
,VK,65709-0K020;S,5600.0,0.0,0.0
,VK,65709-0K020;S,5600.0,0.0,0.0
,VK,65709-0K020;S,5600.0,0.0,0.0
,VK,65709-0K020;S,5600.0,0.0,0.0
,VK,65709-0K020;S,5600.0,0.0,0.0
,VK,65709-0K020;S,5600.0,0.0,0.0
,VK,65709-0K020;S,5600.0,0.0,0.0
,VK,7535A-10100;S,5400.0,0.0,0.0
,VK,7535A-10100;S,5400.0,0.0,0.0
,VK,7535A-10100;S,5400.0,0.0,0.0
,VK,7535A-10100;S,5400.0,0.0,0.0
,VK,7535A-10100;S,5400.0,0.0,0.0
,VK,7535A-10100;S,5400.0,0.0,0.0
,VK,897916-0140;S,600.0,0.0,0.0
,VK,897918-4160;S,5400.0,0.0,0.0
,VK,897918-4160;S,5400.0,0.0,0.0
,VK,897918-4160;S,5400.0,0.0,0.0
,VK,898126-0880;S,360.0,0.0,0.0
,VK,898126-0880;S,360.0,0.0,0.0
,VK,898126-0890;S,360.0,0.0,0.0
,VK,8984848920;S,300.0,0.0,0.0
,VK,8984848920;S,300.0,0.0,0.0
,VK,90541-10032;S,1200.0,0.0,0.0
,VK,90541-10032;S,1200.0,0.0,0.0
,VK,90541-10032;S,1200.0,0.0,0.0
,VK,90541-10032;S,1200.0,0.0,0.0
,VK,90541-10032;S,1200.0,0.0,0.0
,VK,90541-10032;S,1200.0,0.0,0.0
,VK,90541-10032;S,1200.0,0.0,0.0
,VK,90541-10032;S,1200.0,0.0,0.0
,VK,90541-10032;S,1200.0,0.0,0.0
,VK,90541-T0006;S,10000.0,0.0,0.0
,VK,90541-T0006;S,10000.0,0.0,0.0
,VK,90541-T0006;S,10000.0,0.0,0.0
,VK,90541-T0006;S,10000.0,0.0,0.0
,VK,90541-T0006;S,10000.0,0.0,0.0
,VK,90541-T0006;S,10000.0,0.0,0.0
,VK,90541-T0006;S,10000.0,0.0,0.0
,VK,90541-T0006;S,10000.0,0.0,0.0
,VK,90541-T0006;S,10000.0,0.0,0.0
,VK,90541-T0006;S,10000.0,0.0,0.0
,VK,90541-T0006;S,10000.0,0.0,0.0
,VK,90541-T0006;S,10000.0,0.0,0.0
,VK,90541-T0006;S,10000.0,0.0,0.0
,VK,92160-1278A;S,1000.0,0.0,0.0
,VK,92160-1278A;S,1000.0,0.0,0.0
,VK,92160-1278A;S,1000.0,0.0,0.0
,VK,92160-1278A;S,1000.0,0.0,0.0
,VK,92160-1278A;S,1000.0,0.0,0.0
,VK,92160-1278A;S,1000.0,0.0,0.0
,VK,92160-1278A;S,1000.0,0.0,0.0
,VK,92160-1278A;S,1000.0,0.0,0.0
,VK,92160-1278A;S,1000.0,0.0,0.0
,VK,92160-1278A;S,1000.0,0.0,0.0
,VK,92160-1278A;S,1000.0,0.0,0.0
,VK,92160-1278A;S,1000.0,0.0,0.0
,VK,92160-1278A;S,1000.0,0.0,0.0
,VK,H118-XA0-A010;S,1600.0,0.0,0.0
,VK,H118-XA0-A010;S,1600.0,0.0,0.0
,VK,H118-XA0-A010;S,1600.0,0.0,0.0
,VK,H118-XA0-A010;S,1600.0,0.0,0.0
,VK,H118-XA0-A010;S,1600.0,0.0,0.0
,VK,H118-XA0-A010;S,1600.0,0.0,0.0
,VK,H118-XA0-A010;S,1600.0,0.0,0.0
,VK,H118-XA0-A010;S,1600.0,0.0,0.0
,VK,MB171359;S,600.0,0.0,0.0
,VK,MB171359;S,600.0,0.0,0.0
,VK,MB171359;S,600.0,0.0,0.0
,VK,MB171359;S,600.0,0.0,0.0
,VK,MB171359;S,600.0,0.0,0.0
,VK,MB171359;S,600.0,0.0,0.0
,VK,MD704223;S,600.0,0.0,0.0
,VK,ME011282;S,600.0,0.0,0.0
,VK,ME011282;S,600.0,0.0,0.0
,VK,ME011282;S,600.0,0.0,0.0
,VK,MU670017;S,360.0,0.0,0.0
,VK,MU670017;S,360.0,0.0,0.0
,VK,MU670017;S,360.0,0.0,0.0
,VK,MU670017;S,360.0,0.0,0.0
,VK,XTZ-0068;S,1200.0,0.0,0.0
,VK,XTZ-0068;S,1200.0,0.0,0.0
,VK,XTZ-0068;S,1200.0,0.0,0.0
,VK,XTZ-0068;S,1200.0,0.0,0.0
,VK,XTZ-0068;S,1200.0,0.0,0.0
2026-09-01,CRM,22804-GB2-00-KVB;S,12000.0,0.0,12000.0
2026-09-01,CRM,22804-GB2-0000;S,12000.0,0.0,12000.0
2026-09-01,CRM,5370B495;S,600.0,0.0,600.0
2026-09-01,CRM,53735-KK010;S,600.0,0.0,600.0
2026-09-01,CRM,53735-KK040;S,3000.0,0.0,1000.0
2026-09-01,CRM,53885-KK010;S,1000.0,0.0,600.0
2026-09-01,CRM,53885-KK020;S,4000.0,0.0,1900.0
2026-09-01,CRM,898077-2670;S,180.0,0.0,180.0
2026-09-01,CRM,898077-2690;S,180.0,0.0,0.0
2026-09-01,CRM,8983939444;S,900.0,0.0,360.0
2026-09-01,CRM,8983939450;S,900.0,0.0,90.0
2026-09-01,CRM,98132554;S,450.0,0.0,450.0
2026-09-01,KSA,11363-K0R-V000;S,0.0,21480.0,0.0
2026-09-01,KSA,1209421300;S,0.0,76800.0,0.0
2026-09-01,KSA,17413-GFM-K000;S,0.0,4000.0,0.0
2026-09-01,KSA,47149-35011;S,0.0,20400.0,0.0
2026-09-01,KSA,80123-KPPA-9000;S,0.0,300.0,0.0
2026-09-01,KSA,91594-TA0-G000;S,0.0,500.0,0.0
2026-09-01,KSA,R463-3370-1;S,0.0,3000.0,0.0
2026-09-01,KSA,TG949322-3690;S,0.0,4500.0,0.0
2026-09-01,KSA,XLR215-KUAAA-01;S,0.0,1800.0,0.0
2026-09-01,MCR,5370B493;S,700.0,0.0,0.0
2026-09-01,MCR,53735-KK030;S,1400.0,0.0,0.0
2026-09-01,MCR,53735-KK040;S,0.0,14650.0,0.0
2026-09-01,MCR,92072-1229;S,400.0,0.0,0.0
2026-09-01,PKPS,17525-K0J-N000;S,4320.0,0.0,4320.0
2026-09-01,PKPS,42014-030-3;S,800.0,600.0,800.0
2026-09-01,PKPS,50524-K1MA-T002;S,4000.0,0.0,4000.0
2026-09-01,PKPS,52170-MLBA-D000;S,300.0,1050.0,0.0
2026-09-01,PKPS,55034D000P;S,400.0,0.0,400.0
2026-09-01,PKPS,63486-0K040;S,1800.0,0.0,600.0
2026-09-01,PKPS,80150-K2WA-J100;S,1200.0,0.0,300.0
2026-09-01,PKPS,8976538790;S,540.0,0.0,540.0
2026-09-01,PKPS,93848A000P;S,300.0,0.0,300.0
2026-09-01,PKPS,DPR-E132;S,0.0,0.0,600.0
2026-09-01,PKPS,MU001964;S,5100.0,0.0,5100.0
2026-09-01,PKPS,MU670024;S,12000.0,0.0,12000.0
2026-09-01,PKPS,TG028065-0750;S,4000.0,22000.0,4000.0
2026-09-01,PKPS,TG028065-1040;S,1000.0,0.0,1000.0
2026-09-01,PS,16910-89L00;S,0.0,180.0,0.0
2026-09-01,PS,1WS-13635-00;S,0.0,600.0,0.0
2026-09-01,PS,21074-21502;S,0.0,300.0,0.0
2026-09-01,PS,64232-K1TF-NE01;S,0.0,770.0,0.0
2026-09-01,PS,EP446-19452A;S,0.0,200.0,0.0
2026-09-01,PS,MB513458;S,0.0,100.0,0.0
2026-09-01,PS,SDR-311-0043;S,0.0,1200.0,0.0
2026-09-01,SCC,15422-89L00;S,0.0,240.0,0.0
2026-09-01,SCC,17270-KPHA-9000;S,0.0,660.0,540.0
2026-09-01,SCC,215XBF280A;S,0.0,2000.0,2000.0
2026-09-01,SCC,47608D000P;S,0.0,400.0,0.0
2026-09-01,SCC,898197-4480;S,0.0,120.0,0.0
2026-09-01,SCC,90044-80643;S,0.0,4000.0,4000.0
2026-09-01,SCC,90540-13006;S,0.0,36000.0,0.0
2026-09-01,SCC,MU670024;S,0.0,67500.0,0.0
2026-09-01,SCR,1209421300;S,6000.0,64977.0,6000.0
2026-09-01,SCR,12312-ZOH-3000;S,1500.0,0.0,1500.0
2026-09-01,SCR,137974-10210-B;S,2400.0,0.0,2400.0
2026-09-01,SCR,14093-1543;S,240.0,0.0,240.0
2026-09-01,SCR,14094-0623A;S,500.0,0.0,1000.0
2026-09-01,SCR,14610-086-0100;S,1000.0,0.0,4000.0
2026-09-01,SCR,146677-1720;S,2000.0,0.0,2000.0
2026-09-01,SCR,19126-MKPA-J002;S,250.0,0.0,250.0
2026-09-01,SCR,22804-GB2-0000;S,12000.0,48000.0,12000.0
2026-09-01,SCR,32825-GB4-6800;S,10000.0,0.0,10000.0
2026-09-01,SCR,50242-K87A-A000;S,2100.0,0.0,2100.0
2026-09-01,SCR,53106-KR3-0000;S,3000.0,0.0,3000.0
2026-09-01,SCR,53214-GN5-9002;S,5000.0,0.0,5000.0
2026-09-01,SCR,63486-0G030;S,600.0,0.0,0.0
2026-09-01,SCR,63488-0K040;S,1200.0,0.0,1200.0
2026-09-01,SCR,63489-0G030;S,600.0,0.0,300.0
2026-09-01,SCR,63834A000P;S,640.0,0.0,640.0
2026-09-01,SCR,64315-K0BA-T004;S,200.0,0.0,200.0
2026-09-01,SCR,64316-K0BA-T004;S,200.0,0.0,200.0
2026-09-01,SCR,64320-GN5-9400;S,250.0,0.0,250.0
2026-09-01,SCR,64325-K0BA-T004;S,240.0,0.0,240.0
2026-09-01,SCR,64326-K0BA-T004;S,240.0,0.0,240.0
2026-09-01,SCR,67836-12040;S,1600.0,0.0,4800.0
2026-09-01,SCR,74172-3DAA-H001;S,0.0,0.0,10.0
2026-09-01,SCR,78110-YB3-0001;S,700.0,500.0,0.0
2026-09-01,SCR,81265-K2SA-N000;S,1000.0,0.0,1000.0
2026-09-01,SCR,83551-300-0001;S,0.0,0.0,2000.0
2026-09-01,SCR,883243-10340;S,4000.0,0.0,8000.0
2026-09-01,SCR,897304-2370;S,9000.0,0.0,9000.0
2026-09-01,SCR,897354-2060;S,0.0,59.0,0.0
2026-09-01,SCR,898144-6350;S,2400.0,0.0,2400.0
2026-09-01,SCR,898312-732A;S,2400.0,0.0,2400.0
2026-09-01,SCR,8983649480-04;S,500.0,0.0,500.0
2026-09-01,SCR,90480-T0003;S,900.0,3514.0,900.0
2026-09-01,SCR,92160-1167A;S,4000.0,0.0,4000.0
2026-09-01,SCR,95581A000P;S,400.0,0.0,0.0
2026-09-01,SCR,98132552;S,450.0,0.0,900.0
2026-09-01,SCR,A9452-16005;S,4000.0,0.0,4000.0
2026-09-01,SCR,E001-6220-3;S,12000.0,0.0,12000.0
2026-09-01,SCR,HR215K3NLA-01;S,0.0,8640.0,720.0
2026-09-01,SCR,KEV-20503-4001;S,1000.0,0.0,2000.0
2026-09-01,SCR,MD188435;S,120.0,0.0,240.0
2026-09-01,SCR,MR992330;S,0.0,0.0,1200.0
2026-09-01,SCR,RMS-LW-Z31;S,0.0,254.0,0.0
2026-09-01,SCR,SN900-0242EXPORT;S,0.0,0.0,3600.0
2026-09-01,SCR,SV4-E0212-0000;S,8000.0,0.0,8000.0
2026-09-01,SCR,TG028065-1000;S,5000.0,0.0,5000.0
2026-09-01,SCR,TG949322-0340;S,0.0,765.0,0.0
2026-09-01,SCR,TG949322-1500;S,0.0,500.0,0.0
2026-09-01,SCR,YN52F02750P1;S,100.0,0.0,100.0
2026-09-01,TEP,10060-4029N;S,1000.0,0.0,750.0
2026-09-01,TEP,16346-0K010N;S,10000.0,63640.0,8000.0
2026-09-01,TEP,52170-MKPH-DN02;S,300.0,0.0,300.0
2026-09-01,TEP,80150-K0FA-T002;S,450.0,378.0,0.0
2026-09-01,TEP,91303-001-0100;S,8000.0,0.0,0.0
2026-09-01,TEP,HA726G5CUG-01;S,0.0,36480.0,5040.0
2026-09-01,TEP,JJB20-C12101-A;S,2000.0,0.0,700.0
2026-09-01,TEP,MB166042;S,6000.0,0.0,0.0
2026-09-01,TPS,09251-09005;S,0.0,0.0,1440.0
2026-09-01,TPS,09287-07001;S,0.0,290.0,0.0
2026-09-01,TPS,42653-001-0041;S,24000.0,0.0,30200.0
2026-09-01,TPS,53214-GN5-9002;S,0.0,0.0,20000.0
2026-09-01,TPS,63133-89L00;S,720.0,0.0,0.0
2026-09-01,TPS,77116-K0GA-9001;S,500.0,0.0,0.0
2026-09-01,TPS,78313-YB3-0000;S,1200.0,0.0,0.0
2026-09-01,TPS,83551-GE2-0000;S,30000.0,0.0,60000.0
2026-09-01,TPS,91307-035-0000;S,18000.0,0.0,18000.0
2026-09-01,TPS,92075-1011A;S,4000.0,0.0,3000.0
2026-09-01,TPS,92075-1123A;S,6000.0,0.0,0.0
2026-09-01,TPS,99224-25001;S,0.0,0.0,5400.0
2026-09-01,TPS,MU670021;S,1200.0,0.0,0.0
2026-09-01,TPS,SN904-11260;S,0.0,0.0,15000.0
2026-09-01,TPT,17611-T50A-J010;S,0.0,300.0,0.0
2026-09-01,TPT,61151-91J11;S,0.0,720.0,0.0
2026-09-01,TPT,63488-0G030;S,0.0,350.0,0.0
2026-09-01,TPT,7713890-00-A-00;S,0.0,960.0,0.0
2026-09-01,TPT,TG028065-0250;S,0.0,3022.0,0.0
2026-09-01,TPT,TG028065-0290;S,0.0,10189.0,0.0
2026-09-01,TPT,TG028065-0300;S,0.0,11246.0,0.0
2026-09-01,TPT1,3655640400;S,0.0,0.0,4000.0
2026-09-01,VK,4PA04307-2C;S,0.0,2400.0,0.0
2026-09-01,VK,UM46-72275A;S,0.0,1600.0,0.0
2026-09-01,WCL,1209421300;S,6000.0,54000.0,4800.0
2026-09-01,WCL,14510-K1MA-T001;S,4500.0,0.0,0.0
2026-09-01,WCL,14610-086-01-PND;S,0.0,3500.0,0.0
2026-09-01,WCL,14610-KWBA-6000;S,4000.0,23800.0,0.0
2026-09-01,WCL,14620-K1MA-T002;S,5200.0,13800.0,1800.0
2026-09-01,WCL,14670-KYZA-9001;S,0.0,27600.0,2400.0
2026-09-01,WCL,15422-Z0H-0003;S,800.0,0.0,0.0
2026-09-01,WCL,15422-Z0Z-0003;S,1250.0,0.0,1250.0
2026-09-01,WCL,1750A-K3MF-T001;S,1200.0,5246.0,1200.0
2026-09-01,WCL,1J672-6MAA-J002;S,500.0,0.0,450.0
2026-09-01,WCL,42118-02080;S,0.0,1200.0,0.0
2026-09-01,WCL,4P085180-1A;S,4000.0,0.0,0.0
2026-09-01,WCL,50524-GBJ-6800;S,300.0,0.0,0.0
2026-09-01,WCL,52170-K0GA-9002;S,0.0,800.0,100.0
2026-09-01,WCL,52170-MLCA-D000;S,0.0,1140.0,540.0
2026-09-01,WCL,53829-0K010;S,0.0,46860.0,810.0
2026-09-01,WCL,56243D000P;S,600.0,0.0,0.0
2026-09-01,WCL,67293-0K020;S,900.0,0.0,0.0
2026-09-01,WCL,67836-02030;S,6000.0,0.0,0.0
2026-09-01,WCL,77291-0D160;S,600.0,0.0,600.0
2026-09-01,WCL,8975142750;S,600.0,0.0,600.0
2026-09-01,WCL,897912-7410;S,0.0,500.0,0.0
2026-09-01,WCL,897947-0790;S,0.0,17170.0,2000.0
2026-09-01,WCL,8983956060;S,10200.0,0.0,10200.0
2026-09-01,WCL,99226-80008;S,1000.0,0.0,1000.0
2026-09-01,WCL,ER291-99740;S,300.0,0.0,300.0
2026-09-01,WCL,LQ68H01066P1;S,100.0,0.0,0.0
2026-09-01,WCL,MA72-55503;S,2100.0,0.0,2100.0
2026-09-01,WCL,MR195623;S,0.0,600.0,0.0
2026-09-01,WCL,MR992417;S,0.0,1470.0,0.0
2026-09-01,WCL,MU670027;S,900.0,0.0,900.0
2026-09-01,WCL,STE-0001;S,2100.0,0.0,0.0
2026-09-01,WCL,Z10-14B5A;S,5600.0,0.0,0.0
2026-09-02,CRM,214VT4JN0A;S,540.0,0.0,0.0
2026-09-02,CRM,22804-GB2-00-KVB;S,12000.0,0.0,12000.0
2026-09-02,CRM,22804-GB2-0000;S,12000.0,0.0,12000.0
2026-09-02,CRM,53735-KK010;S,600.0,0.0,0.0
2026-09-02,CRM,53735-KK040;S,2000.0,0.0,1000.0
2026-09-02,CRM,53885-KK020;S,4000.0,0.0,4000.0
2026-09-02,CRM,8983939444;S,900.0,0.0,450.0
2026-09-02,CRM,8983939450;S,900.0,0.0,360.0
2026-09-02,CRM,98132554;S,450.0,0.0,0.0
2026-09-02,KSA,11363-K0R-V000;S,0.0,0.0,7500.0
2026-09-02,KSA,1209421300;S,0.0,0.0,9600.0
2026-09-02,KSA,16325-0H020;S,0.0,0.0,3000.0
2026-09-02,KSA,17413-GFM-K000;S,0.0,0.0,4000.0
2026-09-02,KSA,1754967700;S,0.0,0.0,3000.0
2026-09-02,KSA,17572-K26A-9000;S,0.0,0.0,1000.0
2026-09-02,KSA,41241-MGS-D301;S,0.0,0.0,1800.0
2026-09-02,KSA,63489-0K040;S,0.0,0.0,3000.0
2026-09-02,KSA,63835A000P;S,0.0,0.0,3840.0
2026-09-02,KSA,7902S0568;S,0.0,0.0,4000.0
2026-09-02,KSA,80123-KPPA-9000;S,0.0,0.0,300.0
2026-09-02,KSA,85373-BZ180-H;S,0.0,0.0,3000.0
2026-09-02,KSA,90480-T0004;S,0.0,0.0,8000.0
2026-09-02,KSA,90480-T0005-AT;S,0.0,0.0,6000.0
2026-09-02,KSA,909565-3350;S,0.0,0.0,1600.0
2026-09-02,KSA,91354-YH4-6102;S,0.0,0.0,2000.0
2026-09-02,KSA,92075-1808B;S,0.0,0.0,3000.0
2026-09-02,KSA,HKVY2-470-01-TH;S,0.0,0.0,12500.0
2026-09-02,MCR,1J004-5RD-H000-0;S,0.0,0.0,1300.0
2026-09-02,MCR,2416T13435;S,0.0,0.0,140.0
2026-09-02,MCR,53735-KK020;S,0.0,0.0,800.0
2026-09-02,MCR,53735-KK030;S,0.0,0.0,1600.0
2026-09-02,MCR,53735-KK040;S,0.0,0.0,2050.0
2026-09-02,MCR,54125-99J00;S,0.0,0.0,2160.0
2026-09-02,MCR,YN22E01407P1;S,0.0,0.0,600.0
2026-09-02,MCR,YN52F03259P1;S,0.0,0.0,117.0
2026-09-02,PKPS,52170-MLBA-D000;S,0.0,0.0,320.0
2026-09-02,PS,09320-11017;S,0.0,0.0,480.0
2026-09-02,PS,16910-89L00;S,0.0,0.0,180.0
2026-09-02,PS,170X190X4.5;S,0.0,0.0,30.0
2026-09-02,PS,17513-K67-9001;S,0.0,0.0,500.0
2026-09-02,PS,1WS-13635-00;S,0.0,0.0,1500.0
2026-09-02,PS,23291-519YL;S,0.0,0.0,4000.0
2026-09-02,PS,33412-MKH-D000;S,0.0,0.0,500.0
2026-09-02,PS,33452-MKH-D000;S,0.0,0.0,500.0
2026-09-02,PS,53109-MJP-G500;S,0.0,0.0,360.0
2026-09-02,PS,54167-94L00;S,0.0,0.0,300.0
2026-09-02,PS,5TN-E4747-00;S,0.0,0.0,1000.0
2026-09-02,PS,61619-97L00;S,0.0,0.0,600.0
2026-09-02,PS,76500T003900;S,0.0,0.0,2040.0
2026-09-02,PS,78114-YB3-0000;S,0.0,0.0,500.0
2026-09-02,PS,79731-T02A-T000;S,0.0,0.0,600.0
2026-09-02,PS,894457-2771;S,0.0,0.0,648.0
2026-09-02,PS,897081-5310;S,0.0,0.0,648.0
2026-09-02,PS,898312-732A;S,0.0,0.0,2400.0
2026-09-02,PS,8984848910;S,0.0,0.0,300.0
2026-09-02,PS,90651-MKH-D200;S,0.0,0.0,500.0
2026-09-02,PS,92161-2080A;S,0.0,0.0,1500.0
2026-09-02,PS,EP446-19452A;S,0.0,0.0,200.0
2026-09-02,PS,MJE-43301-2000-D;S,0.0,0.0,2000.0
2026-09-02,PS,SN905-27800;S,0.0,0.0,13000.0
2026-09-02,PS,YN20P01589P1;S,0.0,0.0,100.0
2026-09-02,SCC,12312-ZOZ-3000;S,0.0,0.0,1000.0
2026-09-02,SCC,13832-89L00;S,0.0,0.0,300.0
2026-09-02,SCC,17270-KPHA-9000;S,0.0,0.0,720.0
2026-09-02,SCC,18293-KYY-9000;S,0.0,0.0,5000.0
2026-09-02,SCC,1T021-35772;S,0.0,0.0,1000.0
2026-09-02,SCC,215XBF280A;S,0.0,0.0,3500.0
2026-09-02,SCC,22000/100-41555;S,0.0,0.0,240.0
2026-09-02,SCC,33412-MKKA-A002;S,0.0,0.0,300.0
2026-09-02,SCC,47608D000P;S,0.0,0.0,300.0
2026-09-02,SCC,55020-2478;S,0.0,0.0,500.0
2026-09-02,SCC,63485-0G030;S,0.0,0.0,300.0
2026-09-02,SCC,63487-0G030;S,0.0,0.0,600.0
2026-09-02,SCC,63832A010P;S,0.0,0.0,1200.0
2026-09-02,SCC,63832D000P;S,0.0,0.0,300.0
2026-09-02,SCC,66324-0K020;S,0.0,0.0,3900.0
2026-09-02,SCC,83504-GE0-0001;S,0.0,0.0,3000.0
2026-09-02,SCC,89639-851YL;S,0.0,0.0,6000.0
2026-09-02,SCC,897916-0150;S,0.0,0.0,480.0
2026-09-02,SCC,897920-0490;S,0.0,0.0,20.0
2026-09-02,SCC,90540-13006;S,0.0,0.0,4000.0
2026-09-02,SCC,92160-1116A;S,0.0,0.0,600.0
2026-09-02,SCC,MB584531;S,0.0,0.0,4320.0
2026-09-02,SCC,MN135603;S,0.0,0.0,3000.0
2026-09-02,SCC,MR992329;S,0.0,0.0,1200.0
2026-09-02,SCC,MU670024;S,0.0,0.0,12000.0
2026-09-02,SCC,MU670025;S,0.0,0.0,5100.0
2026-09-02,SCC,RB6000032580;S,0.0,0.0,3000.0
2026-09-02,SCC,YN32H01315P1;S,0.0,0.0,100.0
2026-09-02,SCR,11332-MLRG-DN00;S,500.0,0.0,500.0
2026-09-02,SCR,1209421300;S,6000.0,0.0,6000.0
2026-09-02,SCR,1360A103;S,960.0,0.0,960.0
2026-09-02,SCR,1360A105;S,960.0,0.0,960.0
2026-09-02,SCR,137974-10210-B;S,2400.0,0.0,2400.0
2026-09-02,SCR,14093-1543;S,240.0,0.0,720.0
2026-09-02,SCR,14610-086-0100;S,1000.0,0.0,0.0
2026-09-02,SCR,19126-MKPA-J002;S,250.0,0.0,250.0
2026-09-02,SCR,22804-GB2-0000;S,12000.0,0.0,12000.0
2026-09-02,SCR,32825-GB4-6800;S,10000.0,0.0,10000.0
2026-09-02,SCR,50524-397-0001;S,5000.0,0.0,5000.0
2026-09-02,SCR,53106-KR3-0000;S,3000.0,0.0,0.0
2026-09-02,SCR,53214-GN5-9002;S,5000.0,0.0,5000.0
2026-09-02,SCR,63488-0K040;S,1200.0,0.0,1200.0
2026-09-02,SCR,63834A000P;S,640.0,0.0,640.0
2026-09-02,SCR,64315-K0BA-T004;S,400.0,0.0,400.0
2026-09-02,SCR,64316-K0BA-T004;S,400.0,0.0,400.0
2026-09-02,SCR,64320-GN5-9400;S,250.0,0.0,250.0
2026-09-02,SCR,64325-K0BA-T004;S,240.0,0.0,240.0
2026-09-02,SCR,64326-K0BA-T004;S,480.0,0.0,480.0
2026-09-02,SCR,67836-12040;S,1600.0,0.0,0.0
2026-09-02,SCR,78110-YB4-0000;S,700.0,0.0,300.0
2026-09-02,SCR,78112-954-0030;S,0.0,0.0,500.0
2026-09-02,SCR,83551-300-0001;S,1000.0,0.0,0.0
2026-09-02,SCR,883243-10340;S,4000.0,0.0,8000.0
2026-09-02,SCR,898110-2312;S,2520.0,0.0,2520.0
2026-09-02,SCR,8983649480-02;S,500.0,0.0,500.0
2026-09-02,SCR,90430-345FM;S,10400.0,0.0,10400.0
2026-09-02,SCR,90480-T0003;S,900.0,0.0,900.0
2026-09-02,SCR,92160-1167A;S,4000.0,0.0,4000.0
2026-09-02,SCR,98132552;S,450.0,0.0,1125.0
2026-09-02,SCR,A16-02800;S,2700.0,0.0,0.0
2026-09-02,SCR,A9452-17944;S,4000.0,0.0,4000.0
2026-09-02,SCR,E001-6220-3;S,12000.0,0.0,12000.0
2026-09-02,SCR,HR215K3NLA-01;S,0.0,0.0,1440.0
2026-09-02,SCR,MD188435;S,120.0,0.0,120.0
2026-09-02,SCR,MR992330;S,1200.0,0.0,0.0
2026-09-02,SCR,SN900-0242EXPORT;S,7200.0,0.0,3600.0
2026-09-02,SCR,YN42H02319P1;S,200.0,0.0,200.0
2026-09-02,TPT1,TG028065-0290;S,0.0,0.0,4113.0
2026-09-02,TPT1,TG028065-0300;S,0.0,0.0,1000.0
2026-09-02,VK,1615085102;S,0.0,0.0,5200.0
2026-09-02,VK,33452-MKKA-A002;S,0.0,0.0,500.0
2026-09-02,VK,4PA04307-2C;S,0.0,0.0,2400.0
2026-09-02,VK,65709-0K020;S,0.0,0.0,5600.0
2026-09-02,VK,7535A-10100;S,0.0,0.0,5400.0
2026-09-02,VK,897918-4160;S,0.0,0.0,5400.0
2026-09-02,VK,90541-10032;S,0.0,0.0,1200.0
2026-09-02,VK,90541-T0006;S,0.0,0.0,10000.0
2026-09-02,VK,92160-1278A;S,0.0,0.0,1000.0
2026-09-02,VK,H118-XA0-A010;S,0.0,0.0,1600.0
2026-09-02,VK,MB171359;S,0.0,0.0,600.0
2026-09-02,VK,MU670017;S,0.0,0.0,360.0
2026-09-02,WCL,1209421300;S,6000.0,0.0,2400.0
2026-09-02,WCL,14510-K1MA-T001;S,4500.0,0.0,9000.0
2026-09-02,WCL,14610-KWBA-6000;S,4000.0,0.0,2000.0
2026-09-02,WCL,14620-K1MA-T002;S,5200.0,0.0,2000.0
2026-09-02,WCL,14670-KYZA-9001;S,0.0,0.0,2000.0
2026-09-02,WCL,15422-Z0Z-0003;S,1250.0,0.0,1000.0
2026-09-02,WCL,17505-K59J-A702;S,600.0,0.0,600.0
2026-09-02,WCL,1750A-K3MF-T001;S,1200.0,0.0,1200.0
2026-09-02,WCL,1J623-69F-A000;S,1200.0,0.0,842.0
2026-09-02,WCL,48950-5KA0A;S,400.0,0.0,0.0
2026-09-02,WCL,4P085180-1A;S,4000.0,0.0,8000.0
2026-09-02,WCL,50524-GBJ-6800;S,0.0,0.0,300.0
2026-09-02,WCL,52170-K0GA-9002;S,400.0,0.0,0.0
2026-09-02,WCL,52170-MLCA-D000;S,0.0,0.0,120.0
2026-09-02,WCL,53829-0K010;S,0.0,0.0,1080.0
2026-09-02,WCL,66844-SA7-0000;S,6000.0,0.0,6000.0
2026-09-02,WCL,67293-0K020;S,0.0,0.0,900.0
2026-09-02,WCL,67836-02030;S,0.0,0.0,4000.0
2026-09-02,WCL,74172-SWA-0000;S,2400.0,0.0,2400.0
2026-09-02,WCL,77291-0K110;S,240.0,0.0,240.0
2026-09-02,WCL,897215-0520;S,1380.0,0.0,0.0
2026-09-02,WCL,93849A000P;S,300.0,0.0,240.0
2026-09-02,WCL,99226-81017;S,2100.0,0.0,2100.0
2026-09-02,WCL,ER291-99740;S,300.0,0.0,0.0
2026-09-02,WCL,GA669-00260;S,1000.0,0.0,0.0
2026-09-02,WCL,LQ68H01066P1;S,0.0,0.0,100.0
2026-09-02,WCL,MA72-55502;S,600.0,0.0,600.0
2026-09-02,WCL,MU670023;S,3000.0,0.0,3000.0
2026-09-02,WCL,STE-0001;S,2100.0,0.0,2100.0
2026-09-02,WCL,Z10-14B5A;S,0.0,0.0,5600.0
2026-09-03,CRM,214XGA062A;S,540.0,0.0,0.0
2026-09-03,CRM,22804-GB2-00-KVB;S,12000.0,0.0,12000.0
2026-09-03,CRM,22804-GB2-0000;S,12000.0,0.0,12000.0
2026-09-03,CRM,53735-KK040;S,3000.0,0.0,600.0
2026-09-03,CRM,53885-KK010;S,1000.0,0.0,1000.0
2026-09-03,CRM,53885-KK020;S,4000.0,0.0,5250.0
2026-09-03,CRM,898077-2670;S,180.0,0.0,0.0
2026-09-03,CRM,898077-2690;S,180.0,0.0,0.0
2026-09-03,CRM,98132554;S,450.0,0.0,0.0
2026-09-03,KSA,80123-KPPA-9000;S,0.0,0.0,1000.0
2026-09-03,MCR,1J004-5RD-H000-0;S,1000.0,0.0,0.0
2026-09-03,MCR,5370B493;S,700.0,0.0,0.0
2026-09-03,MCR,53735-KK020;S,1000.0,0.0,0.0
2026-09-03,MCR,53735-KK030;S,700.0,0.0,0.0
2026-09-03,PKPS,17525-K0J-N000;S,4320.0,0.0,2700.0
2026-09-03,PKPS,42014-030-3;S,800.0,0.0,800.0
2026-09-03,PKPS,50524-K1MA-T002;S,4000.0,0.0,4000.0
2026-09-03,PKPS,52170-MLBA-D000;S,300.0,0.0,0.0
2026-09-03,PKPS,63486-0K040;S,2700.0,0.0,600.0
2026-09-03,PKPS,80150-K2WA-J100;S,0.0,0.0,300.0
2026-09-03,PKPS,8976538790;S,540.0,0.0,540.0
2026-09-03,PKPS,M900-67018;S,1000.0,0.0,1000.0
2026-09-03,PKPS,MU670024;S,12000.0,0.0,12000.0
2026-09-03,PKPS,TG028065-0750;S,4000.0,0.0,4000.0
2026-09-03,PKPS,TG028065-1040;S,1000.0,0.0,1000.0
2026-09-03,SCR,1209421300;S,6000.0,0.0,6000.0
2026-09-03,SCR,1360A103;S,0.0,0.0,960.0
2026-09-03,SCR,1360A105;S,0.0,0.0,960.0
2026-09-03,SCR,137974-10210-B;S,2400.0,0.0,2400.0
2026-09-03,SCR,14093-1543;S,240.0,0.0,0.0
2026-09-03,SCR,14610-086-0100;S,1000.0,0.0,0.0
2026-09-03,SCR,146677-1720;S,2000.0,0.0,2000.0
2026-09-03,SCR,19126-MKPA-J002;S,250.0,0.0,250.0
2026-09-03,SCR,22804-GB2-0000;S,12000.0,0.0,0.0
2026-09-03,SCR,32825-GB4-6800;S,10000.0,0.0,10000.0
2026-09-03,SCR,53106-KR3-0000;S,3000.0,0.0,3000.0
2026-09-03,SCR,53214-GN5-9002;S,5000.0,0.0,5000.0
2026-09-03,SCR,63486-0G030;S,600.0,0.0,600.0
2026-09-03,SCR,63488-0K040;S,1200.0,0.0,1200.0
2026-09-03,SCR,63832A000P;S,600.0,0.0,600.0
2026-09-03,SCR,63834A000P;S,640.0,0.0,640.0
2026-09-03,SCR,64315-K0BA-T004;S,200.0,0.0,200.0
2026-09-03,SCR,64316-K0BA-T004;S,200.0,0.0,200.0
2026-09-03,SCR,64320-GN5-9400;S,200.0,0.0,200.0
2026-09-03,SCR,64325-K0BA-T004;S,240.0,0.0,240.0
2026-09-03,SCR,64326-K0BA-T004;S,240.0,0.0,240.0
2026-09-03,SCR,67836-12040;S,1600.0,0.0,0.0
2026-09-03,SCR,78110-YB4-0000;S,0.0,0.0,400.0
2026-09-03,SCR,78112-954-0030;S,0.0,0.0,500.0
2026-09-03,SCR,81265-K2SA-N000;S,1000.0,0.0,1000.0
2026-09-03,SCR,883243-10340;S,4000.0,0.0,8000.0
2026-09-03,SCR,898144-6350;S,2400.0,0.0,2400.0
2026-09-03,SCR,898312-732A;S,2400.0,0.0,2400.0
2026-09-03,SCR,8983649480-04;S,500.0,0.0,500.0
2026-09-03,SCR,90480-T0003;S,900.0,0.0,900.0
2026-09-03,SCR,92160-1167A;S,4000.0,0.0,4000.0
2026-09-03,SCR,95581A000P;S,0.0,0.0,400.0
2026-09-03,SCR,98132552;S,450.0,0.0,450.0
2026-09-03,SCR,A9452-16005;S,4000.0,0.0,4000.0
2026-09-03,SCR,E001-6220-3;S,12000.0,0.0,12000.0
2026-09-03,SCR,HR215K3NLA-01;S,0.0,0.0,1440.0
2026-09-03,SCR,MD188435;S,0.0,0.0,120.0
2026-09-03,SCR,MN146489;S,300.0,0.0,300.0
2026-09-03,SCR,TG028065-1000;S,5000.0,0.0,5000.0
2026-09-03,TEP,10060-4029N;S,1000.0,0.0,900.0
2026-09-03,TEP,16346-0K010N;S,15000.0,0.0,5000.0
2026-09-03,TEP,52170-MKPH-DN02;S,300.0,0.0,300.0
2026-09-03,TEP,80150-K0FA-T002;S,0.0,0.0,76.0
2026-09-03,TEP,91303-001-0100;S,16000.0,0.0,24000.0
2026-09-03,TEP,99226-81017;S,2100.0,0.0,2100.0
2026-09-03,TEP,HA726G5CUG-01;S,0.0,0.0,3780.0
2026-09-03,TEP,LP64H01158P1;S,100.0,0.0,100.0
2026-09-03,TEP,MB166042;S,0.0,0.0,6000.0
2026-09-03,TPT1,13832-94L10;S,0.0,0.0,300.0
2026-09-03,TPT1,17611-T50A-J010;S,0.0,0.0,600.0
2026-09-03,TPT1,3655640400;S,0.0,0.0,4000.0
2026-09-03,TPT1,36612-89L00;S,0.0,0.0,300.0
2026-09-03,TPT1,43434-ME1-6700;S,0.0,0.0,28000.0
2026-09-03,TPT1,47149-16010;S,0.0,0.0,8000.0
2026-09-03,TPT1,63116-97L00;S,0.0,0.0,900.0
2026-09-03,TPT1,63484-0G030;S,0.0,0.0,1200.0
2026-09-03,TPT1,63487-0K040;S,0.0,0.0,2700.0
2026-09-03,TPT1,63488-0G030;S,0.0,0.0,500.0
2026-09-03,TPT1,84K-43301-2000-D;S,0.0,0.0,1500.0
2026-09-03,TPT1,8983956440;S,0.0,0.0,3600.0
2026-09-03,TPT1,8984848890;S,0.0,0.0,300.0
2026-09-03,TPT1,92160-1303A;S,0.0,0.0,2000.0
2026-09-03,TPT1,HT5A2-256-0A-TH;S,0.0,0.0,2160.0
2026-09-03,TPT1,YN43H01524P1;S,0.0,0.0,500.0
2026-09-03,WCL,1209421300;S,6000.0,0.0,7200.0
2026-09-03,WCL,14510-K1MA-T001;S,4500.0,0.0,4500.0
2026-09-03,WCL,14610-KWBA-6000;S,0.0,0.0,400.0
2026-09-03,WCL,14620-K1MA-T002;S,5200.0,0.0,2000.0
2026-09-03,WCL,14670-KYZA-9001;S,0.0,0.0,2000.0
2026-09-03,WCL,15422-Z0H-0003;S,800.0,0.0,0.0
2026-09-03,WCL,15422-Z0Z-0003;S,0.0,0.0,250.0
2026-09-03,WCL,1750A-K3MF-T001;S,1200.0,0.0,1280.0
2026-09-03,WCL,1J623-69F-A000;S,0.0,0.0,360.0
2026-09-03,WCL,42118-02080;S,500.0,0.0,200.0
2026-09-03,WCL,48950-5KE0A;S,600.0,0.0,240.0
2026-09-03,WCL,4P085180-1A;S,4000.0,0.0,4000.0
2026-09-03,WCL,53829-0K010;S,0.0,0.0,3240.0
2026-09-03,WCL,66322-0K010;S,800.0,0.0,800.0
2026-09-03,WCL,67836-02030;S,0.0,0.0,2000.0
2026-09-03,WCL,74172-SWA-0000;S,2400.0,0.0,480.0
2026-09-03,WCL,77291-0K110;S,240.0,0.0,240.0
2026-09-03,WCL,897215-0520;S,0.0,0.0,1380.0
2026-09-03,WCL,897947-0790;S,0.0,0.0,2000.0
2026-09-03,WCL,8983956060;S,10200.0,0.0,10200.0
2026-09-03,WCL,ER291-99740;S,300.0,0.0,600.0
2026-09-03,WCL,GA669-00260;S,0.0,0.0,1000.0
2026-09-03,WCL,MA72-55502;S,600.0,0.0,600.0
2026-09-03,WCL,ME200403;S,300.0,0.0,200.0
2026-09-03,WCL,STE-0001;S,2100.0,0.0,0.0
2026-09-03,WCL,Z10-14B5A;S,5600.0,0.0,5600.0
2026-09-04,CRM,22804-GB2-00-KVB;S,24000.0,0.0,0.0
2026-09-04,CRM,5370B495;S,600.0,0.0,0.0
2026-09-04,CRM,53735-KK010;S,600.0,0.0,0.0
2026-09-04,CRM,53735-KK040;S,2000.0,0.0,0.0
2026-09-04,CRM,53885-KK020;S,5000.0,0.0,0.0
2026-09-04,CRM,8983939444;S,900.0,0.0,0.0
2026-09-04,CRM,8983939450;S,900.0,0.0,0.0
2026-09-04,CRM,98132554;S,450.0,0.0,0.0
2026-09-04,SCR,1209421300;S,12000.0,0.0,0.0
2026-09-04,SCR,1360A103;S,960.0,0.0,0.0
2026-09-04,SCR,1360A105;S,960.0,0.0,0.0
2026-09-04,SCR,137974-10210-B;S,2400.0,0.0,0.0
2026-09-04,SCR,14093-1543;S,240.0,0.0,0.0
2026-09-04,SCR,14610-086-0100;S,1000.0,0.0,0.0
2026-09-04,SCR,19126-MKPA-J002;S,250.0,0.0,0.0
2026-09-04,SCR,22804-GB2-0000;S,24000.0,0.0,0.0
2026-09-04,SCR,48674-YE010;S,240.0,0.0,0.0
2026-09-04,SCR,50242-K87A-A000;S,2100.0,0.0,0.0
2026-09-04,SCR,53214-GN5-9002;S,10000.0,0.0,0.0
2026-09-04,SCR,61622-91L00;S,300.0,0.0,0.0
2026-09-04,SCR,63488-0K040;S,1200.0,0.0,0.0
2026-09-04,SCR,63489-0G030;S,600.0,0.0,0.0
2026-09-04,SCR,63834A000P;S,640.0,0.0,0.0
2026-09-04,SCR,64315-K0BA-T004;S,400.0,0.0,0.0
2026-09-04,SCR,64316-K0BA-T004;S,400.0,0.0,0.0
2026-09-04,SCR,64320-GN5-9400;S,300.0,0.0,0.0
2026-09-04,SCR,64325-K0BA-T004;S,240.0,0.0,0.0
2026-09-04,SCR,64326-K0BA-T004;S,480.0,0.0,0.0
2026-09-04,SCR,78112-954-0030;S,500.0,0.0,0.0
2026-09-04,SCR,83551-300-0001;S,1000.0,0.0,0.0
2026-09-04,SCR,883243-10340;S,8000.0,0.0,0.0
2026-09-04,SCR,897304-2370;S,9000.0,0.0,0.0
2026-09-04,SCR,898110-2312;S,2520.0,0.0,0.0
2026-09-04,SCR,8983649480-02;S,500.0,0.0,0.0
2026-09-04,SCR,90430-345FM;S,10400.0,0.0,0.0
2026-09-04,SCR,90480-T0003;S,900.0,0.0,0.0
2026-09-04,SCR,92160-1167A;S,4000.0,0.0,0.0
2026-09-04,SCR,95581A000P;S,400.0,0.0,0.0
2026-09-04,SCR,98132552;S,450.0,0.0,0.0
2026-09-04,SCR,A9452-17944;S,4000.0,0.0,0.0
2026-09-04,SCR,E001-6220-3;S,12000.0,0.0,0.0
2026-09-04,SCR,MD188435;S,120.0,0.0,0.0
2026-09-04,SCR,YN42H02319P1;S,200.0,0.0,0.0
2026-09-04,WCL,1209421300;S,12000.0,0.0,0.0
2026-09-04,WCL,14510-K1MA-T001;S,4500.0,0.0,0.0
2026-09-04,WCL,14610-KWBA-6000;S,4000.0,0.0,0.0
2026-09-04,WCL,15422-Z0Z-0003;S,1250.0,0.0,0.0
2026-09-04,WCL,1750A-K3MF-T001;S,1200.0,0.0,0.0
2026-09-04,WCL,1J672-6MAA-J002;S,500.0,0.0,0.0
2026-09-04,WCL,4P085180-1A;S,4000.0,0.0,0.0
2026-09-04,WCL,52170-MLCA-D000;S,600.0,0.0,0.0
2026-09-04,WCL,56243D000P;S,600.0,0.0,0.0
2026-09-04,WCL,67836-02030;S,6000.0,0.0,0.0
2026-09-04,WCL,74172-SWA-0000;S,2400.0,0.0,0.0
2026-09-04,WCL,8975142750;S,600.0,0.0,0.0
2026-09-04,WCL,99226-80008;S,1000.0,0.0,0.0
2026-09-04,WCL,GA669-00260;S,1000.0,0.0,0.0
2026-09-04,WCL,LQ68H01066P1;S,100.0,0.0,0.0
2026-09-04,WCL,MU670023;S,3000.0,0.0,0.0
2026-09-04,WCL,STE-0001;S,2100.0,0.0,0.0
2026-09-07,CRM,22804-GB2-00-KVB;S,12000.0,0.0,0.0
2026-09-07,CRM,22804-GB2-0000;S,12000.0,0.0,0.0
2026-09-07,CRM,5370B495;S,600.0,0.0,0.0
2026-09-07,CRM,53735-KK010;S,600.0,0.0,0.0
2026-09-07,CRM,53735-KK040;S,3000.0,0.0,0.0
2026-09-07,CRM,53885-KK020;S,5000.0,0.0,0.0
2026-09-07,CRM,8983939444;S,900.0,0.0,0.0
2026-09-07,CRM,8983939450;S,900.0,0.0,0.0
2026-09-07,CRM,98132554;S,450.0,0.0,0.0
2026-09-07,SCR,1209421300;S,6000.0,0.0,0.0
2026-09-07,SCR,12312-ZOH-3000;S,1500.0,0.0,0.0
2026-09-07,SCR,137974-10210-B;S,2400.0,0.0,0.0
2026-09-07,SCR,14093-1543;S,240.0,0.0,0.0
2026-09-07,SCR,14610-086-0100;S,1000.0,0.0,0.0
2026-09-07,SCR,22804-GB2-0000;S,12000.0,0.0,0.0
2026-09-07,SCR,32825-GB4-6800;S,10000.0,0.0,0.0
2026-09-07,SCR,50524-397-0001;S,5000.0,0.0,0.0
2026-09-07,SCR,53106-KR3-0000;S,3000.0,0.0,0.0
2026-09-07,SCR,53214-GN5-9002;S,5000.0,0.0,0.0
2026-09-07,SCR,63486-0G030;S,600.0,0.0,0.0
2026-09-07,SCR,63488-0K040;S,1200.0,0.0,0.0
2026-09-07,SCR,63489-0G030;S,600.0,0.0,0.0
2026-09-07,SCR,63834A000P;S,640.0,0.0,0.0
2026-09-07,SCR,64315-K0BA-T004;S,400.0,0.0,0.0
2026-09-07,SCR,64316-K0BA-T004;S,400.0,0.0,0.0
2026-09-07,SCR,64320-GN5-9400;S,300.0,0.0,0.0
2026-09-07,SCR,64325-K0BA-T004;S,240.0,0.0,0.0
2026-09-07,SCR,64326-K0BA-T004;S,480.0,0.0,0.0
2026-09-07,SCR,67836-12040;S,1600.0,0.0,0.0
2026-09-07,SCR,78110-YB3-0001;S,700.0,0.0,0.0
2026-09-07,SCR,83551-300-0001;S,1000.0,0.0,0.0
2026-09-07,SCR,883243-10340;S,8000.0,0.0,0.0
2026-09-07,SCR,898110-2312;S,2520.0,0.0,0.0
2026-09-07,SCR,898312-732A;S,2400.0,0.0,0.0
2026-09-07,SCR,8983649480-02;S,500.0,0.0,0.0
2026-09-07,SCR,90430-345FM;S,10400.0,0.0,0.0
2026-09-07,SCR,92160-1167A;S,4000.0,0.0,0.0
2026-09-07,SCR,98132552;S,450.0,0.0,0.0
2026-09-07,SCR,A9452-16005;S,4000.0,0.0,0.0
2026-09-07,SCR,E001-6220-3;S,12000.0,0.0,0.0
2026-09-07,SCR,MD188435;S,120.0,0.0,0.0
2026-09-07,SCR,SV4-E0212-0000;S,8000.0,0.0,0.0
2026-09-07,SCR,TG028065-1000;S,5000.0,0.0,0.0
2026-09-07,WCL,1209421300;S,6000.0,0.0,0.0
2026-09-07,WCL,14510-K1MA-T001;S,4500.0,0.0,0.0
2026-09-07,WCL,14610-KWBA-6000;S,4000.0,0.0,0.0
2026-09-07,WCL,14620-K1MA-T002;S,5200.0,0.0,0.0
2026-09-07,WCL,15422-Z0H-0003;S,800.0,0.0,0.0
2026-09-07,WCL,15422-Z0Z-0003;S,1250.0,0.0,0.0
2026-09-07,WCL,1750A-K3MF-T001;S,1200.0,0.0,0.0
2026-09-07,WCL,1J672-6MAA-J002;S,500.0,0.0,0.0
2026-09-07,WCL,4P085180-1A;S,4000.0,0.0,0.0
2026-09-07,WCL,52170-K0GA-9002;S,400.0,0.0,0.0
2026-09-07,WCL,66844-SA7-0000;S,6000.0,0.0,0.0
2026-09-07,WCL,74172-SWA-0000;S,2400.0,0.0,0.0
2026-09-07,WCL,897912-7410;S,400.0,0.0,0.0
2026-09-07,WCL,8983956060;S,10200.0,0.0,0.0
2026-09-07,WCL,99226-81017;S,2100.0,0.0,0.0
2026-09-07,WCL,ER291-99740;S,300.0,0.0,0.0
2026-09-07,WCL,MR195623;S,600.0,0.0,0.0
2026-09-07,WCL,MU670027;S,900.0,0.0,0.0
2026-09-07,WCL,Z10-14B5A;S,5600.0,0.0,0.0
2026-09-08,CRM,17914-93JL0;S,240.0,0.0,0.0
2026-09-08,CRM,22804-GB2-00-KVB;S,12000.0,0.0,0.0
2026-09-08,CRM,53735-0K020;S,600.0,0.0,0.0
2026-09-08,CRM,53735-KK010;S,600.0,0.0,0.0
2026-09-08,CRM,53735-KK040;S,2000.0,0.0,0.0
2026-09-08,CRM,53885-KK010;S,1000.0,0.0,0.0
2026-09-08,CRM,53885-KK020;S,5000.0,0.0,0.0
2026-09-08,CRM,898077-2700;S,180.0,0.0,0.0
2026-09-08,CRM,98132554;S,450.0,0.0,0.0
2026-09-08,MCR,53735-KK020;S,1000.0,0.0,0.0
2026-09-08,MCR,53735-KK030;S,700.0,0.0,0.0
2026-09-08,MCR,54125-99J00;S,480.0,0.0,0.0
2026-09-08,PKPS,17525-K0J-N000;S,2160.0,0.0,0.0
2026-09-08,PKPS,42014-030-3;S,800.0,0.0,0.0
2026-09-08,PKPS,4PA38622-1;S,4000.0,0.0,0.0
2026-09-08,PKPS,50524-K1MA-T002;S,4000.0,0.0,0.0
2026-09-08,PKPS,55034D000P;S,400.0,0.0,0.0
2026-09-08,PKPS,63486-0K040;S,1800.0,0.0,0.0
2026-09-08,PKPS,93848A000P;S,300.0,0.0,0.0
2026-09-08,PKPS,M900-67018;S,1000.0,0.0,0.0
2026-09-08,PKPS,MU670024;S,12000.0,0.0,0.0
2026-09-08,PKPS,TG028065-0750;S,4000.0,0.0,0.0
2026-09-08,PKPS,TG028065-1040;S,1000.0,0.0,0.0
2026-09-08,SCR,1209421300;S,6000.0,0.0,0.0
2026-09-08,SCR,1360A103;S,960.0,0.0,0.0
2026-09-08,SCR,1360A105;S,960.0,0.0,0.0
2026-09-08,SCR,137974-10210-B;S,2400.0,0.0,0.0
2026-09-08,SCR,146677-1720;S,2000.0,0.0,0.0
2026-09-08,SCR,19126-MKPA-J002;S,250.0,0.0,0.0
2026-09-08,SCR,22804-GB2-0000;S,12000.0,0.0,0.0
2026-09-08,SCR,32825-GB4-6800;S,10000.0,0.0,0.0
2026-09-08,SCR,53106-KR3-0000;S,3000.0,0.0,0.0
2026-09-08,SCR,53214-GN5-9002;S,5000.0,0.0,0.0
2026-09-08,SCR,63488-0K040;S,1200.0,0.0,0.0
2026-09-08,SCR,63834A000P;S,640.0,0.0,0.0
2026-09-08,SCR,64315-K0BA-T004;S,200.0,0.0,0.0
2026-09-08,SCR,64316-K0BA-T004;S,200.0,0.0,0.0
2026-09-08,SCR,64320-GN5-9400;S,200.0,0.0,0.0
2026-09-08,SCR,64325-K0BA-T004;S,240.0,0.0,0.0
2026-09-08,SCR,64326-K0BA-T004;S,240.0,0.0,0.0
2026-09-08,SCR,81265-K2SA-N000;S,1000.0,0.0,0.0
2026-09-08,SCR,883243-10340;S,4000.0,0.0,0.0
2026-09-08,SCR,897304-2370;S,9000.0,0.0,0.0
2026-09-08,SCR,898144-6350;S,2400.0,0.0,0.0
2026-09-08,SCR,8983649480-04;S,500.0,0.0,0.0
2026-09-08,SCR,90480-T0003;S,900.0,0.0,0.0
2026-09-08,SCR,92160-1167A;S,4000.0,0.0,0.0
2026-09-08,SCR,95581A000P;S,400.0,0.0,0.0
2026-09-08,SCR,98132552;S,450.0,0.0,0.0
2026-09-08,SCR,E001-6220-3;S,12000.0,0.0,0.0
2026-09-08,SCR,MD188435;S,120.0,0.0,0.0
2026-09-08,SCR,SN900-0242EXPORT;S,7200.0,0.0,0.0
2026-09-08,SCR,YN42H02319P1;S,200.0,0.0,0.0
2026-09-08,TEP,10060-4029N;S,1000.0,0.0,0.0
2026-09-08,TEP,16346-0K010N;S,15000.0,0.0,0.0
2026-09-08,TEP,52170-MKPH-DN02;S,300.0,0.0,0.0
2026-09-08,TEP,91303-001-0100;S,8000.0,0.0,0.0
2026-09-08,TEP,99226-81017;S,2100.0,0.0,0.0
2026-09-08,TPS,09251-09005;S,1200.0,0.0,0.0
2026-09-08,TPS,42653-001-0041;S,24000.0,0.0,0.0
2026-09-08,TPS,53106-KR3-0000;S,6000.0,0.0,0.0
2026-09-08,TPS,53214-GN5-9002;S,15000.0,0.0,0.0
2026-09-08,TPS,77116-K0GA-9001;S,500.0,0.0,0.0
2026-09-08,TPS,83551-GE2-0000;S,24000.0,0.0,0.0
2026-09-08,TPS,84905-GN5-9100;S,100.0,0.0,0.0
2026-09-08,TPS,91307-035-0000;S,15000.0,0.0,0.0
2026-09-08,TPS,92075-1011A;S,4000.0,0.0,0.0
2026-09-08,TPS,92075-1123A;S,3000.0,0.0,0.0
2026-09-08,TPS,99224-25001;S,5400.0,0.0,0.0
2026-09-08,TPS,MU670021;S,1200.0,0.0,0.0
2026-09-08,TPS,SN904-11260;S,5000.0,0.0,0.0
2026-09-08,WCL,11213-0D020;S,240.0,0.0,0.0
2026-09-08,WCL,1209421300;S,6000.0,0.0,0.0
2026-09-08,WCL,14510-K1MA-T001;S,4500.0,0.0,0.0
2026-09-08,WCL,14610-KWBA-6000;S,4000.0,0.0,0.0
2026-09-08,WCL,14670-KYZA-9001;S,2000.0,0.0,0.0
2026-09-08,WCL,15422-Z0Z-0003;S,1250.0,0.0,0.0
2026-09-08,WCL,1750A-K3MF-T001;S,1200.0,0.0,0.0
2026-09-08,WCL,1J623-69F-A000;S,1200.0,0.0,0.0
2026-09-08,WCL,4P085180-1A;S,4000.0,0.0,0.0
2026-09-08,WCL,67293-0K020;S,900.0,0.0,0.0
2026-09-08,WCL,67836-02030;S,6000.0,0.0,0.0
2026-09-08,WCL,77291-0K110;S,240.0,0.0,0.0
2026-09-08,WCL,8975142750;S,600.0,0.0,0.0
2026-09-08,WCL,99226-80008;S,1000.0,0.0,0.0
2026-09-08,WCL,GA669-00260;S,1000.0,0.0,0.0
2026-09-08,WCL,MA72-55502;S,600.0,0.0,0.0
2026-09-08,WCL,MU670023;S,3000.0,0.0,0.0
2026-09-08,WCL,Z10-14B5A;S,5600.0,0.0,0.0
2026-09-09,CRM,214VT4JN0A;S,540.0,0.0,0.0
2026-09-09,CRM,22804-GB2-00-KVB;S,12000.0,0.0,0.0
2026-09-09,CRM,22804-GB2-0000;S,12000.0,0.0,0.0
2026-09-09,CRM,53735-KK010;S,600.0,0.0,0.0
2026-09-09,CRM,53735-KK040;S,3000.0,0.0,0.0
2026-09-09,CRM,53885-KK020;S,5000.0,0.0,0.0
2026-09-09,CRM,8983939444;S,900.0,0.0,0.0
2026-09-09,CRM,8983939450;S,900.0,0.0,0.0
2026-09-09,CRM,98132554;S,450.0,0.0,0.0
2026-09-09,SCR,11332-MLRG-DN00;S,500.0,0.0,0.0
2026-09-09,SCR,1209421300;S,6000.0,0.0,0.0
2026-09-09,SCR,137974-10210-B;S,2400.0,0.0,0.0
2026-09-09,SCR,14093-1543;S,240.0,0.0,0.0
2026-09-09,SCR,17270-K0GA-9001;S,500.0,0.0,0.0
2026-09-09,SCR,22804-GB2-0000;S,12000.0,0.0,0.0
2026-09-09,SCR,50242-K87A-A000;S,2100.0,0.0,0.0
2026-09-09,SCR,53214-GN5-9002;S,5000.0,0.0,0.0
2026-09-09,SCR,54145-89L00;S,240.0,0.0,0.0
2026-09-09,SCR,63486-0G030;S,600.0,0.0,0.0
2026-09-09,SCR,63488-0K040;S,1200.0,0.0,0.0
2026-09-09,SCR,63834A000P;S,640.0,0.0,0.0
2026-09-09,SCR,64315-K0BA-T004;S,400.0,0.0,0.0
2026-09-09,SCR,64316-K0BA-T004;S,400.0,0.0,0.0
2026-09-09,SCR,64320-GN5-9400;S,250.0,0.0,0.0
2026-09-09,SCR,64325-K0BA-T004;S,240.0,0.0,0.0
2026-09-09,SCR,64326-K0BA-T004;S,480.0,0.0,0.0
2026-09-09,SCR,67836-12040;S,1600.0,0.0,0.0
2026-09-09,SCR,78110-YB4-0000;S,700.0,0.0,0.0
2026-09-09,SCR,883243-10340;S,4000.0,0.0,0.0
2026-09-09,SCR,898110-2312;S,2520.0,0.0,0.0
2026-09-09,SCR,898154-0840;S,1200.0,0.0,0.0
2026-09-09,SCR,898312-732A;S,2400.0,0.0,0.0
2026-09-09,SCR,8983649480-02;S,500.0,0.0,0.0
2026-09-09,SCR,90430-345FM;S,10400.0,0.0,0.0
2026-09-09,SCR,90480-T0003;S,900.0,0.0,0.0
2026-09-09,SCR,98132552;S,450.0,0.0,0.0
2026-09-09,SCR,A9452-17944;S,4000.0,0.0,0.0
2026-09-09,SCR,E001-6220-3;S,12000.0,0.0,0.0
2026-09-09,SCR,MR473471;S,1200.0,0.0,0.0
2026-09-09,SCR,MR992330;S,1200.0,0.0,0.0
2026-09-09,SCR,TG028065-1000;S,5000.0,0.0,0.0
2026-09-09,SCR,YN52F02750P1;S,100.0,0.0,0.0
2026-09-09,WCL,1209421300;S,6000.0,0.0,0.0
2026-09-09,WCL,14510-K1MA-T001;S,4500.0,0.0,0.0
2026-09-09,WCL,14620-K1MA-T002;S,5200.0,0.0,0.0
2026-09-09,WCL,15422-Z0H-0003;S,800.0,0.0,0.0
2026-09-09,WCL,17505-K59J-A702;S,600.0,0.0,0.0
2026-09-09,WCL,1750A-K3MF-T001;S,1200.0,0.0,0.0
2026-09-09,WCL,42118-02080;S,500.0,0.0,0.0
2026-09-09,WCL,4P085180-1A;S,4000.0,0.0,0.0
2026-09-09,WCL,56243D000P;S,600.0,0.0,0.0
2026-09-09,WCL,74172-SWA-0000;S,2400.0,0.0,0.0
2026-09-09,WCL,77291-0D160;S,600.0,0.0,0.0
2026-09-09,WCL,8983956060;S,10200.0,0.0,0.0
2026-09-09,WCL,ER291-99740;S,300.0,0.0,0.0
2026-09-09,WCL,LQ68H01066P1;S,100.0,0.0,0.0
2026-09-09,WCL,Z10-14B5A;S,5600.0,0.0,0.0
2026-09-10,CRM,17914-93JL0;S,240.0,0.0,0.0
2026-09-10,CRM,22804-GB2-00-KVB;S,12000.0,0.0,0.0
2026-09-10,CRM,53735-KK040;S,2000.0,0.0,0.0
2026-09-10,CRM,53885-KK010;S,1000.0,0.0,0.0
2026-09-10,CRM,53885-KK020;S,5000.0,0.0,0.0
2026-09-10,CRM,898077-2670;S,180.0,0.0,0.0
2026-09-10,CRM,898077-2690;S,180.0,0.0,0.0
2026-09-10,CRM,98132554;S,450.0,0.0,0.0
2026-09-10,MCR,2416T13435;S,500.0,0.0,0.0
2026-09-10,MCR,5370B493;S,700.0,0.0,0.0
2026-09-10,MCR,53735-KK030;S,700.0,0.0,0.0
2026-09-10,MCR,92072-1229;S,400.0,0.0,0.0
2026-09-10,PKPS,17525-K0J-N000;S,4320.0,0.0,0.0
2026-09-10,PKPS,42014-030-3;S,400.0,0.0,0.0
2026-09-10,PKPS,4PA38622-1;S,4000.0,0.0,0.0
2026-09-10,PKPS,50524-K1MA-T002;S,4000.0,0.0,0.0
2026-09-10,PKPS,63486-0K040;S,1800.0,0.0,0.0
2026-09-10,PKPS,8976538790;S,540.0,0.0,0.0
2026-09-10,PKPS,DPR-E132;S,4000.0,0.0,0.0
2026-09-10,PKPS,MU001964;S,5100.0,0.0,0.0
2026-09-10,PKPS,MU670024;S,12000.0,0.0,0.0
2026-09-10,PKPS,MU670025;S,5100.0,0.0,0.0
2026-09-10,PKPS,TG028065-0750;S,4000.0,0.0,0.0
2026-09-10,PKPS,TG028065-1040;S,1000.0,0.0,0.0
2026-09-10,SCR,1209421300;S,6000.0,0.0,0.0
2026-09-10,SCR,137974-10210-B;S,2400.0,0.0,0.0
2026-09-10,SCR,14094-0623A;S,500.0,0.0,0.0
2026-09-10,SCR,146677-1720;S,2000.0,0.0,0.0
2026-09-10,SCR,19126-MKPA-J002;S,250.0,0.0,0.0
2026-09-10,SCR,22804-GB2-0000;S,12000.0,0.0,0.0
2026-09-10,SCR,32825-GB4-6800;S,10000.0,0.0,0.0
2026-09-10,SCR,50524-397-0001;S,5000.0,0.0,0.0
2026-09-10,SCR,53106-KR3-0000;S,3000.0,0.0,0.0
2026-09-10,SCR,53214-GN5-9002;S,5000.0,0.0,0.0
2026-09-10,SCR,63488-0K040;S,1200.0,0.0,0.0
2026-09-10,SCR,63489-0G030;S,600.0,0.0,0.0
2026-09-10,SCR,63834A000P;S,640.0,0.0,0.0
2026-09-10,SCR,64315-K0BA-T004;S,200.0,0.0,0.0
2026-09-10,SCR,64316-K0BA-T004;S,200.0,0.0,0.0
2026-09-10,SCR,64320-GN5-9400;S,200.0,0.0,0.0
2026-09-10,SCR,64325-K0BA-T004;S,240.0,0.0,0.0
2026-09-10,SCR,64326-K0BA-T004;S,240.0,0.0,0.0
2026-09-10,SCR,83551-300-0001;S,1000.0,0.0,0.0
2026-09-10,SCR,883243-10340;S,4000.0,0.0,0.0
2026-09-10,SCR,898144-6350;S,2400.0,0.0,0.0
2026-09-10,SCR,8983649480-04;S,500.0,0.0,0.0
2026-09-10,SCR,92160-1167A;S,4000.0,0.0,0.0
2026-09-10,SCR,98132552;S,450.0,0.0,0.0
2026-09-10,SCR,A9452-16005;S,4000.0,0.0,0.0
2026-09-10,SCR,E001-6220-3;S,12000.0,0.0,0.0
2026-09-10,SCR,MD188435;S,120.0,0.0,0.0
2026-09-10,SCR,SN907-36300;S,500.0,0.0,0.0
2026-09-10,TEP,16346-0K010N;S,10000.0,0.0,0.0
2026-09-10,TEP,80150-K0FA-T002;S,450.0,0.0,0.0
2026-09-10,TEP,91303-001-0100;S,8000.0,0.0,0.0
2026-09-10,TEP,JJB20-C12101-A;S,2000.0,0.0,0.0
2026-09-10,WCL,11213-0D020;S,240.0,0.0,0.0
2026-09-10,WCL,1209421300;S,6000.0,0.0,0.0
2026-09-10,WCL,14610-KWBA-6000;S,4000.0,0.0,0.0
2026-09-10,WCL,14620-K1MA-T002;S,5200.0,0.0,0.0
2026-09-10,WCL,15422-Z0Z-0003;S,1250.0,0.0,0.0
2026-09-10,WCL,1750A-K3MF-T001;S,1200.0,0.0,0.0
2026-09-10,WCL,4P085180-1A;S,4000.0,0.0,0.0
2026-09-10,WCL,52170-MLCA-D000;S,600.0,0.0,0.0
2026-09-10,WCL,66844-SA7-0000;S,6000.0,0.0,0.0
2026-09-10,WCL,67836-02030;S,6000.0,0.0,0.0
2026-09-10,WCL,897215-0520;S,1380.0,0.0,0.0
2026-09-10,WCL,897912-7410;S,400.0,0.0,0.0
2026-09-10,WCL,99226-80008;S,1000.0,0.0,0.0
2026-09-10,WCL,GA669-00260;S,1000.0,0.0,0.0
2026-09-10,WCL,MA72-55503;S,2100.0,0.0,0.0
2026-09-10,WCL,MU670023;S,3000.0,0.0,0.0
2026-09-11,CRM,214XGA062A;S,540.0,0.0,0.0
2026-09-11,CRM,22804-GB2-00-KVB;S,12000.0,0.0,0.0
2026-09-11,CRM,22804-GB2-0000;S,12000.0,0.0,0.0
2026-09-11,CRM,5370B495;S,600.0,0.0,0.0
2026-09-11,CRM,53735-KK010;S,600.0,0.0,0.0
2026-09-11,CRM,53735-KK040;S,2000.0,0.0,0.0
2026-09-11,CRM,53885-KK020;S,5000.0,0.0,0.0
2026-09-11,CRM,8983939444;S,900.0,0.0,0.0
2026-09-11,CRM,8983939450;S,900.0,0.0,0.0
2026-09-11,CRM,98132554;S,450.0,0.0,0.0
2026-09-11,SCR,1209421300;S,6000.0,0.0,0.0
2026-09-11,SCR,12312-ZOH-3000;S,1500.0,0.0,0.0
2026-09-11,SCR,137974-10210-B;S,2400.0,0.0,0.0
2026-09-11,SCR,14093-1543;S,240.0,0.0,0.0
2026-09-11,SCR,22804-GB2-0000;S,12000.0,0.0,0.0
2026-09-11,SCR,32825-GB4-6800;S,10000.0,0.0,0.0
2026-09-11,SCR,53106-KR3-0000;S,3000.0,0.0,0.0
2026-09-11,SCR,53214-GN5-9002;S,5000.0,0.0,0.0
2026-09-11,SCR,63486-0G030;S,600.0,0.0,0.0
2026-09-11,SCR,63488-0K040;S,1200.0,0.0,0.0
2026-09-11,SCR,63834A000P;S,640.0,0.0,0.0
2026-09-11,SCR,64315-K0BA-T004;S,400.0,0.0,0.0
2026-09-11,SCR,64316-K0BA-T004;S,400.0,0.0,0.0
2026-09-11,SCR,64320-GN5-9400;S,250.0,0.0,0.0
2026-09-11,SCR,64325-K0BA-T004;S,240.0,0.0,0.0
2026-09-11,SCR,64326-K0BA-T004;S,480.0,0.0,0.0
2026-09-11,SCR,67836-12040;S,1600.0,0.0,0.0
2026-09-11,SCR,81265-K2SA-N000;S,1000.0,0.0,0.0
2026-09-11,SCR,883243-10340;S,4000.0,0.0,0.0
2026-09-11,SCR,898110-2312;S,2520.0,0.0,0.0
2026-09-11,SCR,898312-732A;S,2400.0,0.0,0.0
2026-09-11,SCR,8983649480-02;S,500.0,0.0,0.0
2026-09-11,SCR,90430-345FM;S,10400.0,0.0,0.0
2026-09-11,SCR,90480-T0003;S,900.0,0.0,0.0
2026-09-11,SCR,95581A000P;S,400.0,0.0,0.0
2026-09-11,SCR,98132552;S,450.0,0.0,0.0
2026-09-11,SCR,E001-6220-3;S,12000.0,0.0,0.0
2026-09-11,SCR,MD188435;S,120.0,0.0,0.0
2026-09-11,SCR,TG028065-1000;S,5000.0,0.0,0.0
2026-09-11,WCL,1209421300;S,6000.0,0.0,0.0
2026-09-11,WCL,14510-K1MA-T001;S,4500.0,0.0,0.0
2026-09-11,WCL,14610-KWBA-6000;S,4000.0,0.0,0.0
2026-09-11,WCL,14670-KYZA-9001;S,2000.0,0.0,0.0
2026-09-11,WCL,15422-Z0H-0003;S,800.0,0.0,0.0
2026-09-11,WCL,1750A-K3MF-T001;S,1200.0,0.0,0.0
2026-09-11,WCL,1J672-6MAA-J002;S,500.0,0.0,0.0
2026-09-11,WCL,4P085180-1A;S,4000.0,0.0,0.0
2026-09-11,WCL,66322-0K010;S,800.0,0.0,0.0
2026-09-11,WCL,74172-SWA-0000;S,2400.0,0.0,0.0
2026-09-11,WCL,8975142750;S,600.0,0.0,0.0
2026-09-11,WCL,897947-0790;S,3000.0,0.0,0.0
2026-09-11,WCL,8983956060;S,10200.0,0.0,0.0
2026-09-11,WCL,99226-81017;S,2100.0,0.0,0.0
2026-09-11,WCL,ER291-99740;S,300.0,0.0,0.0
2026-09-11,WCL,MA72-55502;S,600.0,0.0,0.0
2026-09-11,WCL,MU670027;S,900.0,0.0,0.0
2026-09-11,WCL,Z10-14B5A;S,5600.0,0.0,0.0
2026-09-12,CRM,17914-93JL0;S,240.0,0.0,0.0
2026-09-12,CRM,22804-GB2-00-KVB;S,12000.0,0.0,0.0
2026-09-12,CRM,53735-KK040;S,3000.0,0.0,0.0
2026-09-12,CRM,53885-KK010;S,1000.0,0.0,0.0
2026-09-12,CRM,53885-KK020;S,6000.0,0.0,0.0
2026-09-12,CRM,98132554;S,450.0,0.0,0.0
2026-09-12,MCR,53735-KK020;S,1000.0,0.0,0.0
2026-09-12,MCR,53735-KK030;S,1400.0,0.0,0.0
2026-09-12,MCR,54125-99J00;S,480.0,0.0,0.0
2026-09-12,MCR,YN22E01407P1;S,100.0,0.0,0.0
2026-09-12,MCR,YN52F03259P1;S,100.0,0.0,0.0
2026-09-12,PKPS,17525-K0J-N000;S,2160.0,0.0,0.0
2026-09-12,PKPS,42014-030-3;S,400.0,0.0,0.0
2026-09-12,PKPS,4PA38622-1;S,4000.0,0.0,0.0
2026-09-12,PKPS,50524-K1MA-T002;S,4000.0,0.0,0.0
2026-09-12,PKPS,63486-0K040;S,1800.0,0.0,0.0
2026-09-12,PKPS,8976538790;S,540.0,0.0,0.0
2026-09-12,PKPS,93848A000P;S,300.0,0.0,0.0
2026-09-12,PKPS,MU670024;S,12000.0,0.0,0.0
2026-09-12,PKPS,TG028065-0750;S,4000.0,0.0,0.0
2026-09-12,PKPS,TG028065-1040;S,1000.0,0.0,0.0
2026-09-12,SCR,1209421300;S,6000.0,0.0,0.0
2026-09-12,SCR,1360A103;S,960.0,0.0,0.0
2026-09-12,SCR,1360A105;S,960.0,0.0,0.0
2026-09-12,SCR,137974-10210-B;S,2400.0,0.0,0.0
2026-09-12,SCR,146677-1720;S,2000.0,0.0,0.0
2026-09-12,SCR,19126-MKPA-J002;S,250.0,0.0,0.0
2026-09-12,SCR,22804-GB2-0000;S,12000.0,0.0,0.0
2026-09-12,SCR,53214-GN5-9002;S,5000.0,0.0,0.0
2026-09-12,SCR,61622-91L00;S,300.0,0.0,0.0
2026-09-12,SCR,63488-0K040;S,1200.0,0.0,0.0
2026-09-12,SCR,63834A000P;S,640.0,0.0,0.0
2026-09-12,SCR,64315-K0BA-T004;S,200.0,0.0,0.0
2026-09-12,SCR,64316-K0BA-T004;S,200.0,0.0,0.0
2026-09-12,SCR,64320-GN5-9400;S,200.0,0.0,0.0
2026-09-12,SCR,64325-K0BA-T004;S,240.0,0.0,0.0
2026-09-12,SCR,64326-K0BA-T004;S,240.0,0.0,0.0
2026-09-12,SCR,78110-YB3-0001;S,700.0,0.0,0.0
2026-09-12,SCR,883243-10340;S,4000.0,0.0,0.0
2026-09-12,SCR,897304-2370;S,9000.0,0.0,0.0
2026-09-12,SCR,898144-6350;S,2400.0,0.0,0.0
2026-09-12,SCR,8983649480-04;S,500.0,0.0,0.0
2026-09-12,SCR,90480-T0003;S,900.0,0.0,0.0
2026-09-12,SCR,92160-1167A;S,4000.0,0.0,0.0
2026-09-12,SCR,98132552;S,450.0,0.0,0.0
2026-09-12,SCR,A9452-17944;S,4000.0,0.0,0.0
2026-09-12,SCR,E001-6220-3;S,12000.0,0.0,0.0
2026-09-12,SCR,YN42H02319P1;S,200.0,0.0,0.0
2026-09-12,TEP,10060-4029N;S,1000.0,0.0,0.0
2026-09-12,TEP,16346-0K010N;S,15000.0,0.0,0.0
2026-09-12,TEP,52170-MKPH-DN02;S,300.0,0.0,0.0
2026-09-12,TEP,91303-001-0100;S,8000.0,0.0,0.0
2026-09-12,TEP,99226-81017;S,2100.0,0.0,0.0
2026-09-12,TEP,MB166042;S,6000.0,0.0,0.0
2026-09-12,WCL,11213-0D020;S,240.0,0.0,0.0
2026-09-12,WCL,1209421300;S,6000.0,0.0,0.0
2026-09-12,WCL,14620-K1MA-T002;S,5200.0,0.0,0.0
2026-09-12,WCL,15422-Z0Z-0003;S,1250.0,0.0,0.0
2026-09-12,WCL,1750A-K3MF-T001;S,1200.0,0.0,0.0
2026-09-12,WCL,1J623-69F-A000;S,1200.0,0.0,0.0
2026-09-12,WCL,4P085180-1A;S,4000.0,0.0,0.0
2026-09-12,WCL,52170-K0GA-9002;S,400.0,0.0,0.0
2026-09-12,WCL,67293-0K020;S,900.0,0.0,0.0
2026-09-12,WCL,67836-02030;S,6000.0,0.0,0.0
2026-09-12,WCL,77291-0K110;S,240.0,0.0,0.0
2026-09-12,WCL,897947-0790;S,3000.0,0.0,0.0
2026-09-12,WCL,93849A000P;S,300.0,0.0,0.0
2026-09-12,WCL,GA669-00260;S,1000.0,0.0,0.0
2026-09-12,WCL,ME200403;S,300.0,0.0,0.0
2026-09-12,WCL,MU670023;S,3000.0,0.0,0.0
2026-09-12,WCL,Z10-14B5A;S,5600.0,0.0,0.0
2026-09-14,CRM,22804-GB2-00-KVB;S,12000.0,0.0,0.0
2026-09-14,CRM,22804-GB2-0000;S,12000.0,0.0,0.0
2026-09-14,CRM,53735-KK010;S,600.0,0.0,0.0
2026-09-14,CRM,53735-KK040;S,3000.0,0.0,0.0
2026-09-14,CRM,53885-KK020;S,6000.0,0.0,0.0
2026-09-14,CRM,8983939444;S,900.0,0.0,0.0
2026-09-14,CRM,8983939450;S,900.0,0.0,0.0
2026-09-14,CRM,98132554;S,450.0,0.0,0.0
2026-09-14,SCR,1209421300;S,6000.0,0.0,0.0
2026-09-14,SCR,137974-10210-B;S,2400.0,0.0,0.0
2026-09-14,SCR,14093-1543;S,240.0,0.0,0.0
2026-09-14,SCR,22804-GB2-0000;S,12000.0,0.0,0.0
2026-09-14,SCR,32825-GB4-6800;S,10000.0,0.0,0.0
2026-09-14,SCR,53106-KR3-0000;S,3000.0,0.0,0.0
2026-09-14,SCR,53214-GN5-9002;S,5000.0,0.0,0.0
2026-09-14,SCR,54145-89L00;S,240.0,0.0,0.0
2026-09-14,SCR,63486-0G030;S,600.0,0.0,0.0
2026-09-14,SCR,63488-0K040;S,600.0,0.0,0.0
2026-09-14,SCR,63834A000P;S,640.0,0.0,0.0
2026-09-14,SCR,64315-K0BA-T004;S,400.0,0.0,0.0
2026-09-14,SCR,64316-K0BA-T004;S,400.0,0.0,0.0
2026-09-14,SCR,64320-GN5-9400;S,250.0,0.0,0.0
2026-09-14,SCR,64325-K0BA-T004;S,240.0,0.0,0.0
2026-09-14,SCR,64326-K0BA-T004;S,480.0,0.0,0.0
2026-09-14,SCR,78112-954-0030;S,500.0,0.0,0.0
2026-09-14,SCR,83551-300-0001;S,1000.0,0.0,0.0
2026-09-14,SCR,883243-10340;S,4000.0,0.0,0.0
2026-09-14,SCR,898110-2312;S,2520.0,0.0,0.0
2026-09-14,SCR,898312-732A;S,2400.0,0.0,0.0
2026-09-14,SCR,8983649480-02;S,500.0,0.0,0.0
2026-09-14,SCR,90430-345FM;S,10400.0,0.0,0.0
2026-09-14,SCR,92160-1167A;S,4000.0,0.0,0.0
2026-09-14,SCR,98132552;S,450.0,0.0,0.0
2026-09-14,SCR,A9452-16005;S,4000.0,0.0,0.0
2026-09-14,SCR,E001-6220-3;S,12000.0,0.0,0.0
2026-09-14,SCR,MD188435;S,120.0,0.0,0.0
2026-09-14,SCR,SN900-0242EXPORT;S,7200.0,0.0,0.0
2026-09-14,SCR,TG028065-1000;S,5000.0,0.0,0.0
2026-09-14,WCL,1209421300;S,6000.0,0.0,0.0
2026-09-14,WCL,14510-K1MA-T001;S,4500.0,0.0,0.0
2026-09-14,WCL,14610-KWBA-6000;S,4000.0,0.0,0.0
2026-09-14,WCL,15422-Z0H-0003;S,800.0,0.0,0.0
2026-09-14,WCL,15422-Z0Z-0003;S,1250.0,0.0,0.0
2026-09-14,WCL,1750A-K3MF-T001;S,1200.0,0.0,0.0
2026-09-14,WCL,4P085180-1A;S,4000.0,0.0,0.0
2026-09-14,WCL,52170-MLCA-D000;S,600.0,0.0,0.0
2026-09-14,WCL,74172-SWA-0000;S,2400.0,0.0,0.0
2026-09-14,WCL,897912-7410;S,400.0,0.0,0.0
2026-09-14,WCL,897947-0790;S,3000.0,0.0,0.0
2026-09-14,WCL,8983956060;S,10200.0,0.0,0.0
2026-09-14,WCL,ER291-99740;S,300.0,0.0,0.0
2026-09-14,WCL,HTF01-533-0A-TS;S,600.0,0.0,0.0
2026-09-14,WCL,LQ68H01066P1;S,100.0,0.0,0.0
2026-09-14,WCL,Z10-14B5A;S,5600.0,0.0,0.0
2026-09-15,CRM,17914-93JL0;S,240.0,0.0,0.0
2026-09-15,CRM,22804-GB2-00-KVB;S,12000.0,0.0,0.0
2026-09-15,CRM,22804-GB2-0000;S,12000.0,0.0,0.0
2026-09-15,CRM,5370B495;S,600.0,0.0,0.0
2026-09-15,CRM,53735-KK010;S,600.0,0.0,0.0
2026-09-15,CRM,53735-KK040;S,2000.0,0.0,0.0
2026-09-15,CRM,53885-KK010;S,1000.0,0.0,0.0
2026-09-15,CRM,53885-KK020;S,5000.0,0.0,0.0
2026-09-15,CRM,55332-94L00;S,300.0,0.0,0.0
2026-09-15,CRM,898077-2670;S,180.0,0.0,0.0
2026-09-15,CRM,898077-2690;S,180.0,0.0,0.0
2026-09-15,CRM,98132554;S,450.0,0.0,0.0
2026-09-15,MCR,5370B493;S,700.0,0.0,0.0
2026-09-15,MCR,53735-KK020;S,1000.0,0.0,0.0
2026-09-15,MCR,53735-KK030;S,700.0,0.0,0.0
2026-09-15,MCR,54125-99J00;S,480.0,0.0,0.0
2026-09-15,PKPS,17525-K0J-N000;S,4320.0,0.0,0.0
2026-09-15,PKPS,42014-030-3;S,400.0,0.0,0.0
2026-09-15,PKPS,4PA38622-1;S,4000.0,0.0,0.0
2026-09-15,PKPS,50524-K1MA-T002;S,4000.0,0.0,0.0
2026-09-15,PKPS,55034D000P;S,400.0,0.0,0.0
2026-09-15,PKPS,63486-0K040;S,1800.0,0.0,0.0
2026-09-15,PKPS,BB003529AAF00;S,2000.0,0.0,0.0
2026-09-15,PKPS,HSAA2-758-1B-TS;S,5100.0,0.0,0.0
2026-09-15,PKPS,M900-67018;S,1000.0,0.0,0.0
2026-09-15,PKPS,MU670024;S,12000.0,0.0,0.0
2026-09-15,PKPS,MU670025;S,5100.0,0.0,0.0
2026-09-15,PKPS,TG028065-0750;S,4000.0,0.0,0.0
2026-09-15,PKPS,TG028065-1040;S,1000.0,0.0,0.0
2026-09-15,SCR,11213-15070;S,100.0,0.0,0.0
2026-09-15,SCR,1209421300;S,6000.0,0.0,0.0
2026-09-15,SCR,137974-10210-B;S,2400.0,0.0,0.0
2026-09-15,SCR,19126-MKPA-J002;S,250.0,0.0,0.0
2026-09-15,SCR,22804-GB2-0000;S,12000.0,0.0,0.0
2026-09-15,SCR,32825-GB4-6800;S,10000.0,0.0,0.0
2026-09-15,SCR,53106-KR3-0000;S,3000.0,0.0,0.0
2026-09-15,SCR,53214-GN5-9002;S,5000.0,0.0,0.0
2026-09-15,SCR,63488-0K040;S,600.0,0.0,0.0
2026-09-15,SCR,63489-0G030;S,600.0,0.0,0.0
2026-09-15,SCR,64315-K0BA-T004;S,200.0,0.0,0.0
2026-09-15,SCR,64316-K0BA-T004;S,200.0,0.0,0.0
2026-09-15,SCR,64320-GN5-9400;S,200.0,0.0,0.0
2026-09-15,SCR,64325-K0BA-T004;S,240.0,0.0,0.0
2026-09-15,SCR,64326-K0BA-T004;S,240.0,0.0,0.0
2026-09-15,SCR,67836-12040;S,1600.0,0.0,0.0
2026-09-15,SCR,78110-YB4-0000;S,700.0,0.0,0.0
2026-09-15,SCR,883243-10340;S,4000.0,0.0,0.0
2026-09-15,SCR,897304-2370;S,9000.0,0.0,0.0
2026-09-15,SCR,897912-6000;S,300.0,0.0,0.0
2026-09-15,SCR,898144-6350;S,2400.0,0.0,0.0
2026-09-15,SCR,8983649480-04;S,500.0,0.0,0.0
2026-09-15,SCR,90480-T0003;S,900.0,0.0,0.0
2026-09-15,SCR,95581A000P;S,400.0,0.0,0.0
2026-09-15,SCR,98132552;S,450.0,0.0,0.0
2026-09-15,SCR,MD050312;S,120.0,0.0,0.0
2026-09-15,SCR,MD188435;S,120.0,0.0,0.0
2026-09-15,SCR,PRRT-375A;S,500.0,0.0,0.0
2026-09-15,SCR,SV4-E0212-0000;S,8000.0,0.0,0.0
2026-09-15,TEP,10060-4029N;S,1000.0,0.0,0.0
2026-09-15,TEP,16346-0K010N;S,10000.0,0.0,0.0
2026-09-15,TEP,91303-001-0100;S,8000.0,0.0,0.0
2026-09-15,TPS,1062A051;S,600.0,0.0,0.0
2026-09-15,TPS,42653-001-0041;S,16000.0,0.0,0.0
2026-09-15,TPS,53106-KR3-0000;S,6000.0,0.0,0.0
2026-09-15,TPS,53214-GN5-9002;S,15000.0,0.0,0.0
2026-09-15,TPS,77116-K0GA-9001;S,500.0,0.0,0.0
2026-09-15,TPS,83551-GE2-0000;S,24000.0,0.0,0.0
2026-09-15,TPS,897916-9040;S,400.0,0.0,0.0
2026-09-15,TPS,91307-035-0000;S,15000.0,0.0,0.0
2026-09-15,TPS,91317-171-0031;S,3000.0,0.0,0.0
2026-09-15,TPS,92075-1011A;S,4000.0,0.0,0.0
2026-09-15,TPS,92075-1123A;S,3000.0,0.0,0.0
2026-09-15,TPS,99224-25001;S,10800.0,0.0,0.0
2026-09-15,WCL,11213-0D020;S,240.0,0.0,0.0
2026-09-15,WCL,1209421300;S,6000.0,0.0,0.0
2026-09-15,WCL,14620-K1MA-T002;S,5200.0,0.0,0.0
2026-09-15,WCL,14670-KYZA-9001;S,2000.0,0.0,0.0
2026-09-15,WCL,15422-Z0Z-0003;S,1250.0,0.0,0.0
2026-09-15,WCL,1750A-K3MF-T001;S,1200.0,0.0,0.0
2026-09-15,WCL,1J672-6MAA-J002;S,500.0,0.0,0.0
2026-09-15,WCL,4P085180-1A;S,4000.0,0.0,0.0
2026-09-15,WCL,56243D000P;S,600.0,0.0,0.0
2026-09-15,WCL,66844-SA7-0000;S,6000.0,0.0,0.0
2026-09-15,WCL,67836-02030;S,6000.0,0.0,0.0
2026-09-15,WCL,8317341600;S,2340.0,0.0,0.0
2026-09-15,WCL,897215-0520;S,1380.0,0.0,0.0
2026-09-15,WCL,897947-0790;S,3000.0,0.0,0.0
2026-09-15,WCL,99226-80008;S,1000.0,0.0,0.0
2026-09-15,WCL,99226-81017;S,2100.0,0.0,0.0
2026-09-15,WCL,HTF01-533-0A-TS;S,600.0,0.0,0.0
2026-09-15,WCL,MA72-55502;S,600.0,0.0,0.0
2026-09-15,WCL,MU670023;S,3000.0,0.0,0.0
2026-09-16,CRM,214VT4JN0A;S,540.0,0.0,0.0
2026-09-16,CRM,22804-GB2-00-KVB;S,12000.0,0.0,0.0
2026-09-16,CRM,22804-GB2-0000;S,12000.0,0.0,0.0
2026-09-16,CRM,53735-KK010;S,600.0,0.0,0.0
2026-09-16,CRM,53735-KK040;S,3000.0,0.0,0.0
2026-09-16,CRM,53885-KK020;S,6000.0,0.0,0.0
2026-09-16,CRM,8983939444;S,900.0,0.0,0.0
2026-09-16,CRM,8983939450;S,900.0,0.0,0.0
2026-09-16,CRM,98132554;S,450.0,0.0,0.0
2026-09-16,SCR,11332-MLRG-DN00;S,500.0,0.0,0.0
2026-09-16,SCR,1209421300;S,6000.0,0.0,0.0
2026-09-16,SCR,12312-ZOH-3000;S,1500.0,0.0,0.0
2026-09-16,SCR,137974-10210-B;S,2400.0,0.0,0.0
2026-09-16,SCR,14093-1543;S,240.0,0.0,0.0
2026-09-16,SCR,14094-0623A;S,500.0,0.0,0.0
2026-09-16,SCR,22804-GB2-0000;S,12000.0,0.0,0.0
2026-09-16,SCR,50524-397-0001;S,5000.0,0.0,0.0
2026-09-16,SCR,53214-GN5-9002;S,5000.0,0.0,0.0
2026-09-16,SCR,63486-0G030;S,600.0,0.0,0.0
2026-09-16,SCR,63488-0K040;S,600.0,0.0,0.0
2026-09-16,SCR,63834A000P;S,640.0,0.0,0.0
2026-09-16,SCR,64315-K0BA-T004;S,400.0,0.0,0.0
2026-09-16,SCR,64316-K0BA-T004;S,400.0,0.0,0.0
2026-09-16,SCR,64320-GN5-9400;S,250.0,0.0,0.0
2026-09-16,SCR,64325-K0BA-T004;S,240.0,0.0,0.0
2026-09-16,SCR,64326-K0BA-T004;S,480.0,0.0,0.0
2026-09-16,SCR,81265-K2SA-N000;S,1000.0,0.0,0.0
2026-09-16,SCR,883243-10340;S,4000.0,0.0,0.0
2026-09-16,SCR,898110-2312;S,2520.0,0.0,0.0
2026-09-16,SCR,898312-732A;S,2400.0,0.0,0.0
2026-09-16,SCR,8983649480-02;S,500.0,0.0,0.0
2026-09-16,SCR,90430-345FM;S,10400.0,0.0,0.0
2026-09-16,SCR,90480-T0003;S,900.0,0.0,0.0
2026-09-16,SCR,92160-1167A;S,4000.0,0.0,0.0
2026-09-16,SCR,98132552;S,450.0,0.0,0.0
2026-09-16,SCR,A9452-17944;S,4000.0,0.0,0.0
2026-09-16,SCR,E001-6220-3;S,12000.0,0.0,0.0
2026-09-16,SCR,MN146489;S,300.0,0.0,0.0
2026-09-16,SCR,MR992330;S,1200.0,0.0,0.0
2026-09-16,SCR,TG028065-1000;S,5000.0,0.0,0.0
2026-09-16,SCR,YN52F02750P1;S,100.0,0.0,0.0
2026-09-16,WCL,1209421300;S,6000.0,0.0,0.0
2026-09-16,WCL,14510-K1MA-T001;S,4500.0,0.0,0.0
2026-09-16,WCL,14610-KWBA-6000;S,4000.0,0.0,0.0
2026-09-16,WCL,14620-K1MA-T002;S,5200.0,0.0,0.0
2026-09-16,WCL,15422-Z0H-0003;S,800.0,0.0,0.0
2026-09-16,WCL,15422-Z0Z-0003;S,1250.0,0.0,0.0
2026-09-16,WCL,1750A-K3MF-T001;S,1200.0,0.0,0.0
2026-09-16,WCL,42118-02080;S,500.0,0.0,0.0
2026-09-16,WCL,4P085180-1A;S,4000.0,0.0,0.0
2026-09-16,WCL,52170-K0GA-9002;S,400.0,0.0,0.0
2026-09-16,WCL,74172-SWA-0000;S,2400.0,0.0,0.0
2026-09-16,WCL,77291-0D160;S,600.0,0.0,0.0
2026-09-16,WCL,8317341600;S,2340.0,0.0,0.0
2026-09-16,WCL,8975142750;S,600.0,0.0,0.0
2026-09-16,WCL,897947-0790;S,3000.0,0.0,0.0
2026-09-16,WCL,8983956060;S,10200.0,0.0,0.0
2026-09-16,WCL,ER291-99740;S,300.0,0.0,0.0
2026-09-16,WCL,HTF01-533-0A-TS;S,600.0,0.0,0.0
2026-09-16,WCL,MU670027;S,900.0,0.0,0.0
2026-09-16,WCL,Z10-14B5A;S,5600.0,0.0,0.0
2026-09-17,CRM,17914-93JL0;S,240.0,0.0,0.0
2026-09-17,CRM,22804-GB2-00-KVB;S,12000.0,0.0,0.0
2026-09-17,CRM,53735-KK040;S,2000.0,0.0,0.0
2026-09-17,CRM,53885-KK010;S,1000.0,0.0,0.0
2026-09-17,CRM,53885-KK020;S,5000.0,0.0,0.0
2026-09-17,CRM,8983939460;S,900.0,0.0,0.0
2026-09-17,CRM,8983939470;S,900.0,0.0,0.0
2026-09-17,CRM,98132554;S,450.0,0.0,0.0
2026-09-17,MCR,1J004-5RD-H000-0;S,1000.0,0.0,0.0
2026-09-17,MCR,53735-KK030;S,1400.0,0.0,0.0
2026-09-17,MCR,92072-1229;S,400.0,0.0,0.0
2026-09-17,PKPS,17525-K0J-N000;S,2160.0,0.0,0.0
2026-09-17,PKPS,42014-030-3;S,400.0,0.0,0.0
2026-09-17,PKPS,4PA38622-1;S,4000.0,0.0,0.0
2026-09-17,PKPS,50524-K1MA-T002;S,4000.0,0.0,0.0
2026-09-17,PKPS,63486-0K040;S,2700.0,0.0,0.0
2026-09-17,PKPS,8976538790;S,540.0,0.0,0.0
2026-09-17,PKPS,93848A000P;S,300.0,0.0,0.0
2026-09-17,PKPS,HSAA2-758-1B-TS;S,5100.0,0.0,0.0
2026-09-17,PKPS,MU001964;S,5100.0,0.0,0.0
2026-09-17,PKPS,MU670024;S,12000.0,0.0,0.0
2026-09-17,PKPS,TG028065-0750;S,4000.0,0.0,0.0
2026-09-17,PKPS,TG028065-1040;S,1000.0,0.0,0.0
2026-09-17,SCR,1209421300;S,6000.0,0.0,0.0
2026-09-17,SCR,1360A103;S,960.0,0.0,0.0
2026-09-17,SCR,1360A105;S,960.0,0.0,0.0
2026-09-17,SCR,137974-10210-B;S,2400.0,0.0,0.0
2026-09-17,SCR,146677-1720;S,2000.0,0.0,0.0
2026-09-17,SCR,19126-MKPA-J002;S,250.0,0.0,0.0
2026-09-17,SCR,22804-GB2-0000;S,12000.0,0.0,0.0
2026-09-17,SCR,32825-GB4-6800;S,10000.0,0.0,0.0
2026-09-17,SCR,53106-KR3-0000;S,3000.0,0.0,0.0
2026-09-17,SCR,53214-GN5-9002;S,5000.0,0.0,0.0
2026-09-17,SCR,63488-0K040;S,600.0,0.0,0.0
2026-09-17,SCR,64315-K0BA-T004;S,200.0,0.0,0.0
2026-09-17,SCR,64316-K0BA-T004;S,200.0,0.0,0.0
2026-09-17,SCR,64320-GN5-9400;S,200.0,0.0,0.0
2026-09-17,SCR,64325-K0BA-T004;S,240.0,0.0,0.0
2026-09-17,SCR,64326-K0BA-T004;S,240.0,0.0,0.0
2026-09-17,SCR,78110-YB3-0001;S,700.0,0.0,0.0
2026-09-17,SCR,883243-10340;S,4000.0,0.0,0.0
2026-09-17,SCR,898144-6350;S,2400.0,0.0,0.0
2026-09-17,SCR,8983649480-04;S,500.0,0.0,0.0
2026-09-17,SCR,90480-T0003;S,900.0,0.0,0.0
2026-09-17,SCR,98132552;S,450.0,0.0,0.0
2026-09-17,SCR,MD188435;S,120.0,0.0,0.0
2026-09-17,SCR,YN42H02319P1;S,200.0,0.0,0.0
2026-09-17,TEP,16346-0K010N;S,15000.0,0.0,0.0
2026-09-17,TEP,52170-MKPH-DN02;S,300.0,0.0,0.0
2026-09-17,TEP,91303-001-0100;S,16000.0,0.0,0.0
2026-09-17,TEP,99226-81017;S,2100.0,0.0,0.0
2026-09-17,WCL,11213-0D020;S,240.0,0.0,0.0
2026-09-17,WCL,1209421300;S,6000.0,0.0,0.0
2026-09-17,WCL,14620-K1MA-T002;S,5200.0,0.0,0.0
2026-09-17,WCL,17505-K59J-A702;S,600.0,0.0,0.0
2026-09-17,WCL,1750A-K3MF-T001;S,1200.0,0.0,0.0
2026-09-17,WCL,1J623-69F-A000;S,1200.0,0.0,0.0
2026-09-17,WCL,4P085180-1A;S,4000.0,0.0,0.0
2026-09-17,WCL,67293-0K020;S,900.0,0.0,0.0
2026-09-17,WCL,67836-02030;S,6000.0,0.0,0.0
2026-09-17,WCL,77291-0K110;S,240.0,0.0,0.0
2026-09-17,WCL,8317341600;S,2340.0,0.0,0.0
2026-09-17,WCL,897947-0790;S,3000.0,0.0,0.0
2026-09-17,WCL,GA669-00260;S,1000.0,0.0,0.0
2026-09-17,WCL,HTF01-533-0A-TS;S,600.0,0.0,0.0
2026-09-17,WCL,MA72-55502;S,600.0,0.0,0.0
2026-09-17,WCL,MU670023;S,3000.0,0.0,0.0
2026-09-18,CRM,214XGA062A;S,540.0,0.0,0.0
2026-09-18,CRM,22804-GB2-00-KVB;S,24000.0,0.0,0.0
2026-09-18,CRM,53735-KK010;S,600.0,0.0,0.0
2026-09-18,CRM,53735-KK040;S,3000.0,0.0,0.0
2026-09-18,CRM,53885-KK020;S,6000.0,0.0,0.0
2026-09-18,CRM,8983939444;S,900.0,0.0,0.0
2026-09-18,CRM,8983939450;S,900.0,0.0,0.0
2026-09-18,CRM,98132554;S,450.0,0.0,0.0
2026-09-18,SCR,11213-15070;S,100.0,0.0,0.0
2026-09-18,SCR,1209421300;S,12000.0,0.0,0.0
2026-09-18,SCR,137974-10210-B;S,2400.0,0.0,0.0
2026-09-18,SCR,14093-1543;S,240.0,0.0,0.0
2026-09-18,SCR,17270-K0GA-9001;S,500.0,0.0,0.0
2026-09-18,SCR,22804-GB2-0000;S,24000.0,0.0,0.0
2026-09-18,SCR,32825-GB4-6800;S,10000.0,0.0,0.0
2026-09-18,SCR,53106-KR3-0000;S,3000.0,0.0,0.0
2026-09-18,SCR,53214-GN5-9002;S,10000.0,0.0,0.0
2026-09-18,SCR,54145-89L00;S,240.0,0.0,0.0
2026-09-18,SCR,61622-91L00;S,300.0,0.0,0.0
2026-09-18,SCR,63486-0G030;S,600.0,0.0,0.0
2026-09-18,SCR,63488-0K040;S,600.0,0.0,0.0
2026-09-18,SCR,63489-0G030;S,600.0,0.0,0.0
2026-09-18,SCR,63834A000P;S,640.0,0.0,0.0
2026-09-18,SCR,64315-K0BA-T004;S,400.0,0.0,0.0
2026-09-18,SCR,64316-K0BA-T004;S,400.0,0.0,0.0
2026-09-18,SCR,64320-GN5-9400;S,300.0,0.0,0.0
2026-09-18,SCR,64325-K0BA-T004;S,240.0,0.0,0.0
2026-09-18,SCR,64326-K0BA-T004;S,480.0,0.0,0.0
2026-09-18,SCR,83551-300-0001;S,1000.0,0.0,0.0
2026-09-18,SCR,883243-10340;S,8000.0,0.0,0.0
2026-09-18,SCR,898110-2312;S,2520.0,0.0,0.0
2026-09-18,SCR,898312-732A;S,2400.0,0.0,0.0
2026-09-18,SCR,8983649480-02;S,500.0,0.0,0.0
2026-09-18,SCR,90430-345FM;S,10400.0,0.0,0.0
2026-09-18,SCR,92160-1167A;S,4000.0,0.0,0.0
2026-09-18,SCR,98132552;S,450.0,0.0,0.0
2026-09-18,SCR,A9452-16005;S,4000.0,0.0,0.0
2026-09-18,SCR,E001-6220-3;S,12000.0,0.0,0.0
2026-09-18,SCR,MD188435;S,120.0,0.0,0.0
2026-09-18,SCR,PRRT-375A;S,500.0,0.0,0.0
2026-09-18,SCR,TG028065-1000;S,5000.0,0.0,0.0
2026-09-18,WCL,1209421300;S,12000.0,0.0,0.0
2026-09-18,WCL,14510-K1MA-T001;S,4500.0,0.0,0.0
2026-09-18,WCL,14610-KWBA-6000;S,4000.0,0.0,0.0
2026-09-18,WCL,14670-KYZA-9001;S,2000.0,0.0,0.0
2026-09-18,WCL,15422-Z0H-0003;S,800.0,0.0,0.0
2026-09-18,WCL,15422-Z0Z-0003;S,1250.0,0.0,0.0
2026-09-18,WCL,1750A-K3MF-T001;S,1200.0,0.0,0.0
2026-09-18,WCL,48950-5KE0A;S,600.0,0.0,0.0
2026-09-18,WCL,4P085180-1A;S,4000.0,0.0,0.0
2026-09-18,WCL,66844-SA7-0000;S,6000.0,0.0,0.0
2026-09-18,WCL,74172-SWA-0000;S,2400.0,0.0,0.0
2026-09-18,WCL,897947-0790;S,3000.0,0.0,0.0
2026-09-18,WCL,8983956060;S,10200.0,0.0,0.0
2026-09-18,WCL,99226-80008;S,1000.0,0.0,0.0
2026-09-18,WCL,ER291-99740;S,300.0,0.0,0.0
2026-09-18,WCL,HTF01-533-0A-TS;S,600.0,0.0,0.0
2026-09-18,WCL,Z10-14B5A;S,5600.0,0.0,0.0
2026-09-21,CRM,09320-10029;S,1500.0,0.0,0.0
2026-09-21,CRM,22804-GB2-00-KVB;S,12000.0,0.0,0.0
2026-09-21,CRM,22804-GB2-0000;S,12000.0,0.0,0.0
2026-09-21,CRM,53735-KK010;S,600.0,0.0,0.0
2026-09-21,CRM,53735-KK040;S,2000.0,0.0,0.0
2026-09-21,CRM,53885-KK010;S,1000.0,0.0,0.0
2026-09-21,CRM,53885-KK020;S,6000.0,0.0,0.0
2026-09-21,CRM,8983939444;S,900.0,0.0,0.0
2026-09-21,CRM,8983939450;S,900.0,0.0,0.0
2026-09-21,SCR,1209421300;S,6000.0,0.0,0.0
2026-09-21,SCR,137974-10210-B;S,2400.0,0.0,0.0
2026-09-21,SCR,14093-1543;S,240.0,0.0,0.0
2026-09-21,SCR,14610-086-0100;S,1000.0,0.0,0.0
2026-09-21,SCR,22804-GB2-0000;S,12000.0,0.0,0.0
2026-09-21,SCR,48674-YE010;S,240.0,0.0,0.0
2026-09-21,SCR,53214-GN5-9002;S,5000.0,0.0,0.0
2026-09-21,SCR,54145-89L00;S,240.0,0.0,0.0
2026-09-21,SCR,63486-0G030;S,600.0,0.0,0.0
2026-09-21,SCR,63488-0K040;S,600.0,0.0,0.0
2026-09-21,SCR,63834A000P;S,640.0,0.0,0.0
2026-09-21,SCR,64315-K0BA-T004;S,400.0,0.0,0.0
2026-09-21,SCR,64316-K0BA-T004;S,400.0,0.0,0.0
2026-09-21,SCR,64320-GN5-9400;S,300.0,0.0,0.0
2026-09-21,SCR,64325-K0BA-T004;S,240.0,0.0,0.0
2026-09-21,SCR,64326-K0BA-T004;S,480.0,0.0,0.0
2026-09-21,SCR,67836-12040;S,1600.0,0.0,0.0
2026-09-21,SCR,883243-10340;S,8000.0,0.0,0.0
2026-09-21,SCR,897304-2370;S,9000.0,0.0,0.0
2026-09-21,SCR,898144-6350;S,2400.0,0.0,0.0
2026-09-21,SCR,898312-732A;S,2400.0,0.0,0.0
2026-09-21,SCR,8983649480-02;S,500.0,0.0,0.0
2026-09-21,SCR,90430-345FM;S,10400.0,0.0,0.0
2026-09-21,SCR,92160-1167A;S,4000.0,0.0,0.0
2026-09-21,SCR,E001-6220-3;S,12000.0,0.0,0.0
2026-09-21,SCR,H011-JD9-9810;S,1200.0,0.0,0.0
2026-09-21,SCR,SN900-0242EXPORT;S,7200.0,0.0,0.0
2026-09-21,SCR,TG028065-1000;S,5000.0,0.0,0.0
2026-09-21,WCL,1209421300;S,6000.0,0.0,0.0
2026-09-21,WCL,14510-K1MA-T001;S,4500.0,0.0,0.0
2026-09-21,WCL,14610-KWBA-6000;S,4000.0,0.0,0.0
2026-09-21,WCL,15422-Z0H-0003;S,800.0,0.0,0.0
2026-09-21,WCL,1750A-K3MF-T001;S,1200.0,0.0,0.0
2026-09-21,WCL,4P085180-1A;S,4000.0,0.0,0.0
2026-09-21,WCL,52170-MLCA-D000;S,600.0,0.0,0.0
2026-09-21,WCL,67836-02030;S,6000.0,0.0,0.0
2026-09-21,WCL,897912-7410;S,400.0,0.0,0.0
2026-09-21,WCL,897947-0790;S,3000.0,0.0,0.0
2026-09-21,WCL,8983956060;S,10200.0,0.0,0.0
2026-09-21,WCL,99226-80008;S,1000.0,0.0,0.0
2026-09-21,WCL,ER291-99740;S,300.0,0.0,0.0
2026-09-21,WCL,HTF01-533-0A-TS;S,600.0,0.0,0.0
2026-09-21,WCL,STE-0001;S,2100.0,0.0,0.0
2026-09-21,WCL,Z10-14B5A;S,5600.0,0.0,0.0
2026-09-22,CRM,17914-93JL0;S,240.0,0.0,0.0
2026-09-22,CRM,22804-GB2-00-KVB;S,12000.0,0.0,0.0
2026-09-22,CRM,53735-KK040;S,3000.0,0.0,0.0
2026-09-22,CRM,53885-0K020;S,600.0,0.0,0.0
2026-09-22,CRM,53885-KK020;S,5000.0,0.0,0.0
2026-09-22,CRM,75830-SR3-0030;S,100.0,0.0,0.0
2026-09-22,MCR,53735-KK020;S,1000.0,0.0,0.0
2026-09-22,MCR,53735-KK030;S,700.0,0.0,0.0
2026-09-22,MCR,54125-99J00;S,480.0,0.0,0.0
2026-09-22,PKPS,17525-K0J-N000;S,4320.0,0.0,0.0
2026-09-22,PKPS,42014-030-3;S,400.0,0.0,0.0
2026-09-22,PKPS,4PA38622-1;S,8000.0,0.0,0.0
2026-09-22,PKPS,50524-K1MA-T002;S,4000.0,0.0,0.0
2026-09-22,PKPS,63486-0K040;S,1800.0,0.0,0.0
2026-09-22,PKPS,8976538790;S,540.0,0.0,0.0
2026-09-22,PKPS,BB003529AAF00;S,2000.0,0.0,0.0
2026-09-22,PKPS,DPR-E132;S,2000.0,0.0,0.0
2026-09-22,PKPS,HSAA2-758-1B-TS;S,5100.0,0.0,0.0
2026-09-22,PKPS,M900-67018;S,1000.0,0.0,0.0
2026-09-22,PKPS,MU670024;S,12000.0,0.0,0.0
2026-09-22,PKPS,MU670025;S,5100.0,0.0,0.0
2026-09-22,PKPS,TG028065-0750;S,4000.0,0.0,0.0
2026-09-22,PKPS,TG028065-1040;S,1000.0,0.0,0.0
2026-09-22,SCR,11213-15070;S,100.0,0.0,0.0
2026-09-22,SCR,1209421300;S,6000.0,0.0,0.0
2026-09-22,SCR,137974-10210-B;S,2400.0,0.0,0.0
2026-09-22,SCR,14610-086-0100;S,1000.0,0.0,0.0
2026-09-22,SCR,146677-1720;S,2000.0,0.0,0.0
2026-09-22,SCR,19126-MKPA-J002;S,250.0,0.0,0.0
2026-09-22,SCR,22804-GB2-0000;S,12000.0,0.0,0.0
2026-09-22,SCR,32825-GB4-6800;S,10000.0,0.0,0.0
2026-09-22,SCR,50242-K87A-A000;S,2100.0,0.0,0.0
2026-09-22,SCR,53106-KR3-0000;S,3000.0,0.0,0.0
2026-09-22,SCR,53214-GN5-9002;S,5000.0,0.0,0.0
2026-09-22,SCR,63488-0K040;S,600.0,0.0,0.0
2026-09-22,SCR,63489-0G030;S,600.0,0.0,0.0
2026-09-22,SCR,64315-K0BA-T004;S,200.0,0.0,0.0
2026-09-22,SCR,64316-K0BA-T004;S,200.0,0.0,0.0
2026-09-22,SCR,64320-GN5-9400;S,200.0,0.0,0.0
2026-09-22,SCR,64325-K0BA-T004;S,240.0,0.0,0.0
2026-09-22,SCR,64326-K0BA-T004;S,240.0,0.0,0.0
2026-09-22,SCR,81265-K2SA-N000;S,1000.0,0.0,0.0
2026-09-22,SCR,883243-10340;S,4000.0,0.0,0.0
2026-09-22,SCR,898110-2312;S,2520.0,0.0,0.0
2026-09-22,SCR,8981861020;S,800.0,0.0,0.0
2026-09-22,SCR,8983649480-04;S,500.0,0.0,0.0
2026-09-22,SCR,90480-T0003;S,900.0,0.0,0.0
2026-09-22,SCR,A9452-16005;S,4000.0,0.0,0.0
2026-09-22,SCR,H011-JD9-9810;S,1200.0,0.0,0.0
2026-09-22,SCR,MD188435;S,120.0,0.0,0.0
2026-09-22,SCR,PRRT-375A;S,500.0,0.0,0.0
2026-09-22,SCR,TG4-73136-1000-D;S,1000.0,0.0,0.0
2026-09-22,TEP,10060-4029N;S,1000.0,0.0,0.0
2026-09-22,TEP,11066-011-00;S,4000.0,0.0,0.0
2026-09-22,TEP,16346-0K010N;S,15000.0,0.0,0.0
2026-09-22,TEP,52170-MKPH-DN02;S,300.0,0.0,0.0
2026-09-22,TEP,91303-001-0100;S,8000.0,0.0,0.0
2026-09-22,TPS,37853-94L00;S,360.0,0.0,0.0
2026-09-22,TPS,42653-001-0041;S,16000.0,0.0,0.0
2026-09-22,TPS,53106-KR3-0000;S,6000.0,0.0,0.0
2026-09-22,TPS,53214-GN5-9002;S,10000.0,0.0,0.0
2026-09-22,TPS,77116-K0GA-9001;S,500.0,0.0,0.0
2026-09-22,TPS,83551-GE2-0000;S,24000.0,0.0,0.0
2026-09-22,TPS,91307-035-0000;S,15000.0,0.0,0.0
2026-09-22,TPS,92075-1123A;S,3000.0,0.0,0.0
2026-09-22,TPS,99224-25001;S,5400.0,0.0,0.0
2026-09-22,TPS,MU670021;S,1200.0,0.0,0.0
2026-09-22,TPS,SN904-11260;S,5000.0,0.0,0.0
2026-09-22,WCL,11213-0D020;S,240.0,0.0,0.0
2026-09-22,WCL,1209421300;S,6000.0,0.0,0.0
2026-09-22,WCL,14610-086-01-PND;S,500.0,0.0,0.0
2026-09-22,WCL,14620-K1MA-T002;S,5200.0,0.0,0.0
2026-09-22,WCL,14670-KYZA-9001;S,2000.0,0.0,0.0
2026-09-22,WCL,15422-Z0Z-0003;S,1250.0,0.0,0.0
2026-09-22,WCL,1750A-K3MF-T001;S,1200.0,0.0,0.0
2026-09-22,WCL,1J672-6MAA-J002;S,500.0,0.0,0.0
2026-09-22,WCL,4P085180-1A;S,4000.0,0.0,0.0
2026-09-22,WCL,66844-SA7-0000;S,6000.0,0.0,0.0
2026-09-22,WCL,74172-SWA-0000;S,2400.0,0.0,0.0
2026-09-22,WCL,8317341600;S,2340.0,0.0,0.0
2026-09-22,WCL,897947-0790;S,3000.0,0.0,0.0
2026-09-22,WCL,GA669-00260;S,1000.0,0.0,0.0
2026-09-22,WCL,HTF01-533-0A-TS;S,600.0,0.0,0.0
2026-09-22,WCL,LQ68H01066P1;S,100.0,0.0,0.0
2026-09-22,WCL,MU670023;S,3000.0,0.0,0.0
2026-09-22,WCL,STE-0001;S,2100.0,0.0,0.0
2026-09-23,CRM,22804-GB2-00-KVB;S,12000.0,0.0,0.0
2026-09-23,CRM,22804-GB2-0000;S,12000.0,0.0,0.0
2026-09-23,CRM,53735-KK010;S,600.0,0.0,0.0
2026-09-23,CRM,53735-KK040;S,2000.0,0.0,0.0
2026-09-23,CRM,53885-KK010;S,1000.0,0.0,0.0
2026-09-23,CRM,53885-KK020;S,6000.0,0.0,0.0
2026-09-23,CRM,8983939444;S,900.0,0.0,0.0
2026-09-23,CRM,8983939450;S,900.0,0.0,0.0
2026-09-23,SCR,1209421300;S,6000.0,0.0,0.0
2026-09-23,SCR,12312-ZOH-3000;S,1500.0,0.0,0.0
2026-09-23,SCR,137974-10210-B;S,2400.0,0.0,0.0
2026-09-23,SCR,14093-1543;S,240.0,0.0,0.0
2026-09-23,SCR,14610-086-0100;S,1000.0,0.0,0.0
2026-09-23,SCR,22804-GB2-0000;S,12000.0,0.0,0.0
2026-09-23,SCR,33412-MKPA-D401;S,500.0,0.0,0.0
2026-09-23,SCR,50524-397-0001;S,5000.0,0.0,0.0
2026-09-23,SCR,53214-GN5-9002;S,5000.0,0.0,0.0
2026-09-23,SCR,63486-0G030;S,600.0,0.0,0.0
2026-09-23,SCR,63488-0K040;S,600.0,0.0,0.0
2026-09-23,SCR,63834A000P;S,640.0,0.0,0.0
2026-09-23,SCR,64315-K0BA-T004;S,400.0,0.0,0.0
2026-09-23,SCR,64316-K0BA-T004;S,400.0,0.0,0.0
2026-09-23,SCR,64320-GN5-9400;S,250.0,0.0,0.0
2026-09-23,SCR,64325-K0BA-T004;S,240.0,0.0,0.0
2026-09-23,SCR,64326-K0BA-T004;S,480.0,0.0,0.0
2026-09-23,SCR,67836-12040;S,1600.0,0.0,0.0
2026-09-23,SCR,883243-10340;S,4000.0,0.0,0.0
2026-09-23,SCR,898144-6350;S,2400.0,0.0,0.0
2026-09-23,SCR,8981861020;S,800.0,0.0,0.0
2026-09-23,SCR,898312-732A;S,2400.0,0.0,0.0
2026-09-23,SCR,8983649480-02;S,500.0,0.0,0.0
2026-09-23,SCR,92160-1167A;S,4000.0,0.0,0.0
2026-09-23,SCR,A9452-17944;S,4000.0,0.0,0.0
2026-09-23,SCR,E001-6220-3;S,12000.0,0.0,0.0
2026-09-23,SCR,H011-JD9-9810;S,1200.0,0.0,0.0
2026-09-23,SCR,MR992330;S,1200.0,0.0,0.0
2026-09-23,SCR,SN907-33100;S,500.0,0.0,0.0
2026-09-23,SCR,TG028065-1000;S,5000.0,0.0,0.0
2026-09-23,SCR,YN42H02319P1;S,200.0,0.0,0.0
2026-09-23,WCL,1209421300;S,6000.0,0.0,0.0
2026-09-23,WCL,14510-K1MA-T001;S,4500.0,0.0,0.0
2026-09-23,WCL,14610-KWBA-6000;S,4000.0,0.0,0.0
2026-09-23,WCL,14620-K1MA-T002;S,5200.0,0.0,0.0
2026-09-23,WCL,15422-Z0H-0003;S,800.0,0.0,0.0
2026-09-23,WCL,1750A-K3MF-T001;S,1200.0,0.0,0.0
2026-09-23,WCL,48950-5KA0A;S,400.0,0.0,0.0
2026-09-23,WCL,4P085180-1A;S,4000.0,0.0,0.0
2026-09-23,WCL,77291-0K110;S,240.0,0.0,0.0
2026-09-23,WCL,8975142750;S,600.0,0.0,0.0
2026-09-23,WCL,ER291-99740;S,300.0,0.0,0.0
2026-09-23,WCL,HTF01-533-0A-TS;S,600.0,0.0,0.0
2026-09-23,WCL,MA72-55502;S,600.0,0.0,0.0
2026-09-23,WCL,STE-0001;S,2100.0,0.0,0.0
2026-09-23,WCL,Z10-14B5A;S,5600.0,0.0,0.0
2026-09-24,CRM,214XGA062A;S,540.0,0.0,0.0
2026-09-24,CRM,22804-GB2-00-KVB;S,12000.0,0.0,0.0
2026-09-24,CRM,5370B495;S,600.0,0.0,0.0
2026-09-24,CRM,53735-KK040;S,3000.0,0.0,0.0
2026-09-24,CRM,53885-KK020;S,5000.0,0.0,0.0
2026-09-24,CRM,55332-94L00;S,300.0,0.0,0.0
2026-09-24,CRM,98132554;S,450.0,0.0,0.0
2026-09-24,MCR,5370B493;S,700.0,0.0,0.0
2026-09-24,MCR,53735-KK030;S,700.0,0.0,0.0
2026-09-24,PKPS,17525-K0J-N000;S,2160.0,0.0,0.0
2026-09-24,PKPS,232485;S,768.0,0.0,0.0
2026-09-24,PKPS,42014-030-3;S,400.0,0.0,0.0
2026-09-24,PKPS,4PA38622-1;S,8000.0,0.0,0.0
2026-09-24,PKPS,50524-K1MA-T002;S,4000.0,0.0,0.0
2026-09-24,PKPS,52170-MLBA-D000;S,600.0,0.0,0.0
2026-09-24,PKPS,63486-0K040;S,1800.0,0.0,0.0
2026-09-24,PKPS,93848A000P;S,300.0,0.0,0.0
2026-09-24,PKPS,DPR-E132;S,2000.0,0.0,0.0
2026-09-24,PKPS,HSAA2-758-1B-TS;S,5100.0,0.0,0.0
2026-09-24,PKPS,MU001964;S,5100.0,0.0,0.0
2026-09-24,PKPS,MU670024;S,12000.0,0.0,0.0
2026-09-24,PKPS,TG028065-0750;S,4000.0,0.0,0.0
2026-09-24,PKPS,TG028065-1040;S,1000.0,0.0,0.0
2026-09-24,SCR,1209421300;S,6000.0,0.0,0.0
2026-09-24,SCR,137974-10210-B;S,2400.0,0.0,0.0
2026-09-24,SCR,14610-086-0100;S,1000.0,0.0,0.0
2026-09-24,SCR,19126-MKPA-J002;S,250.0,0.0,0.0
2026-09-24,SCR,22804-GB2-0000;S,12000.0,0.0,0.0
2026-09-24,SCR,32825-GB4-6800;S,10000.0,0.0,0.0
2026-09-24,SCR,53106-KR3-0000;S,3000.0,0.0,0.0
2026-09-24,SCR,53214-GN5-9002;S,5000.0,0.0,0.0
2026-09-24,SCR,63488-0K040;S,600.0,0.0,0.0
2026-09-24,SCR,64315-K0BA-T004;S,200.0,0.0,0.0
2026-09-24,SCR,64316-K0BA-T004;S,200.0,0.0,0.0
2026-09-24,SCR,64320-GN5-9400;S,200.0,0.0,0.0
2026-09-24,SCR,64325-K0BA-T004;S,240.0,0.0,0.0
2026-09-24,SCR,64326-K0BA-T004;S,240.0,0.0,0.0
2026-09-24,SCR,883243-10340;S,4000.0,0.0,0.0
2026-09-24,SCR,8981861020;S,800.0,0.0,0.0
2026-09-24,SCR,8983649480-04;S,500.0,0.0,0.0
2026-09-24,SCR,90430-345FM;S,10400.0,0.0,0.0
2026-09-24,SCR,90480-T0003;S,900.0,0.0,0.0
2026-09-24,SCR,98132552;S,450.0,0.0,0.0
2026-09-24,SCR,H011-JD9-9810;S,1200.0,0.0,0.0
2026-09-24,SCR,MD050312;S,120.0,0.0,0.0
2026-09-24,SCR,MD188435;S,120.0,0.0,0.0
2026-09-24,SCR,RG619-09020-58;S,1000.0,0.0,0.0
2026-09-24,SCR,TG4-73136-1000-D;S,1000.0,0.0,0.0
2026-09-24,TEP,11066-011-00;S,4000.0,0.0,0.0
2026-09-24,TEP,16346-0K010N;S,10000.0,0.0,0.0
2026-09-24,TEP,16561-0Z030;S,200.0,0.0,0.0
2026-09-24,TEP,91303-001-0100;S,8000.0,0.0,0.0
2026-09-24,TEP,MB166042;S,6000.0,0.0,0.0
2026-09-24,WCL,1209421300;S,6000.0,0.0,0.0
2026-09-24,WCL,14610-086-01-PND;S,500.0,0.0,0.0
2026-09-24,WCL,14620-K1MA-T002;S,5200.0,0.0,0.0
2026-09-24,WCL,15422-Z0Z-0003;S,1250.0,0.0,0.0
2026-09-24,WCL,1750A-K3MF-T001;S,1200.0,0.0,0.0
2026-09-24,WCL,4P085180-1A;S,4000.0,0.0,0.0
2026-09-24,WCL,52170-K0GA-9002;S,400.0,0.0,0.0
2026-09-24,WCL,52170-MLCA-D000;S,600.0,0.0,0.0
2026-09-24,WCL,74172-SWA-0000;S,2400.0,0.0,0.0
2026-09-24,WCL,8983956060;S,10200.0,0.0,0.0
2026-09-24,WCL,HTF01-533-0A-TS;S,600.0,0.0,0.0
2026-09-24,WCL,MU670027;S,900.0,0.0,0.0
2026-09-24,WCL,STE-0001;S,2100.0,0.0,0.0
2026-09-25,CRM,214XGA064A;S,450.0,0.0,0.0
2026-09-25,CRM,22804-GB2-00-KVB;S,12000.0,0.0,0.0
2026-09-25,CRM,22804-GB2-0000;S,12000.0,0.0,0.0
2026-09-25,CRM,53735-KK010;S,600.0,0.0,0.0
2026-09-25,CRM,53735-KK040;S,2000.0,0.0,0.0
2026-09-25,CRM,53885-KK010;S,1000.0,0.0,0.0
2026-09-25,CRM,53885-KK020;S,5000.0,0.0,0.0
2026-09-25,CRM,8983939444;S,900.0,0.0,0.0
2026-09-25,CRM,8983939450;S,900.0,0.0,0.0
2026-09-25,CRM,98132554;S,450.0,0.0,0.0
2026-09-25,SCR,11213-15070;S,100.0,0.0,0.0
2026-09-25,SCR,1209421300;S,6000.0,0.0,0.0
2026-09-25,SCR,137974-10210-B;S,2400.0,0.0,0.0
2026-09-25,SCR,14093-1543;S,240.0,0.0,0.0
2026-09-25,SCR,14610-086-0100;S,1000.0,0.0,0.0
2026-09-25,SCR,15613-PC6-0000;S,1080.0,0.0,0.0
2026-09-25,SCR,22804-GB2-0000;S,12000.0,0.0,0.0
2026-09-25,SCR,50242-K87A-A000;S,2100.0,0.0,0.0
2026-09-25,SCR,53214-GN5-9002;S,5000.0,0.0,0.0
2026-09-25,SCR,54145-89L00;S,240.0,0.0,0.0
2026-09-25,SCR,63486-0G030;S,600.0,0.0,0.0
2026-09-25,SCR,63488-0K040;S,600.0,0.0,0.0
2026-09-25,SCR,63834A000P;S,640.0,0.0,0.0
2026-09-25,SCR,64315-K0BA-T004;S,400.0,0.0,0.0
2026-09-25,SCR,64316-K0BA-T004;S,400.0,0.0,0.0
2026-09-25,SCR,64320-GN5-9400;S,250.0,0.0,0.0
2026-09-25,SCR,64325-K0BA-T004;S,240.0,0.0,0.0
2026-09-25,SCR,64326-K0BA-T004;S,480.0,0.0,0.0
2026-09-25,SCR,67836-12040;S,1600.0,0.0,0.0
2026-09-25,SCR,883243-10340;S,4000.0,0.0,0.0
2026-09-25,SCR,897304-2370;S,9000.0,0.0,0.0
2026-09-25,SCR,898144-6350;S,2400.0,0.0,0.0
2026-09-25,SCR,8981861020;S,800.0,0.0,0.0
2026-09-25,SCR,898312-732A;S,2400.0,0.0,0.0
2026-09-25,SCR,8983649480-02;S,500.0,0.0,0.0
2026-09-25,SCR,92160-1167A;S,4000.0,0.0,0.0
2026-09-25,SCR,98132552;S,450.0,0.0,0.0
2026-09-25,SCR,E001-6220-3;S,12000.0,0.0,0.0
2026-09-25,SCR,H011-JD9-9810;S,1200.0,0.0,0.0
2026-09-25,SCR,RMS-LW-Z31;S,400.0,0.0,0.0
2026-09-25,SCR,TG028065-1000;S,5000.0,0.0,0.0
2026-09-25,WCL,1209421300;S,6000.0,0.0,0.0
2026-09-25,WCL,14510-K1MA-T001;S,4500.0,0.0,0.0
2026-09-25,WCL,14610-KWBA-6000;S,4000.0,0.0,0.0
2026-09-25,WCL,15422-Z0H-0003;S,800.0,0.0,0.0
2026-09-25,WCL,1750A-K3MF-T001;S,1200.0,0.0,0.0
2026-09-25,WCL,4P085180-1A;S,4000.0,0.0,0.0
2026-09-25,WCL,67836-02030;S,6000.0,0.0,0.0
2026-09-25,WCL,8317341600;S,2340.0,0.0,0.0
2026-09-25,WCL,99226-80008;S,1000.0,0.0,0.0
2026-09-25,WCL,ER291-99740;S,300.0,0.0,0.0
2026-09-25,WCL,HTF01-533-0A-TS;S,600.0,0.0,0.0
2026-09-25,WCL,STE-0001;S,2100.0,0.0,0.0
2026-09-25,WCL,Z10-14B5A;S,5600.0,0.0,0.0
2026-09-26,CRM,17914-93JL0;S,240.0,0.0,0.0
2026-09-26,CRM,22804-GB2-00-KVB;S,12000.0,0.0,0.0
2026-09-26,CRM,53735-KK040;S,3000.0,0.0,0.0
2026-09-26,CRM,53885-KK020;S,6000.0,0.0,0.0
2026-09-26,CRM,898077-2700;S,180.0,0.0,0.0
2026-09-26,CRM,98132554;S,450.0,0.0,0.0
2026-09-26,MCR,53735-KK030;S,700.0,0.0,0.0
2026-09-26,MCR,54125-99J00;S,480.0,0.0,0.0
2026-09-26,MCR,89735-42040;S,900.0,0.0,0.0
2026-09-26,PKPS,17525-K0J-N000;S,2160.0,0.0,0.0
2026-09-26,PKPS,42014-030-3;S,400.0,0.0,0.0
2026-09-26,PKPS,4PA38622-1;S,8000.0,0.0,0.0
2026-09-26,PKPS,4W4J71789;S,2400.0,0.0,0.0
2026-09-26,PKPS,50524-K1MA-T002;S,4000.0,0.0,0.0
2026-09-26,PKPS,52170-MLBA-D000;S,600.0,0.0,0.0
2026-09-26,PKPS,63486-0K040;S,1800.0,0.0,0.0
2026-09-26,PKPS,8978244010;S,14400.0,0.0,0.0
2026-09-26,PKPS,BB003529AAF00;S,2000.0,0.0,0.0
2026-09-26,PKPS,DPR-E132;S,2000.0,0.0,0.0
2026-09-26,PKPS,HSAA2-758-1B-TS;S,5100.0,0.0,0.0
2026-09-26,PKPS,MU670024;S,12000.0,0.0,0.0
2026-09-26,PKPS,TG028065-0750;S,4000.0,0.0,0.0
2026-09-26,PKPS,TG028065-1040;S,1000.0,0.0,0.0
2026-09-26,SCR,1209421300;S,6000.0,0.0,0.0
2026-09-26,SCR,137974-10210-B;S,2400.0,0.0,0.0
2026-09-26,SCR,14610-086-0100;S,1000.0,0.0,0.0
2026-09-26,SCR,146677-1720;S,2000.0,0.0,0.0
2026-09-26,SCR,19126-MKPA-J002;S,250.0,0.0,0.0
2026-09-26,SCR,22804-GB2-0000;S,12000.0,0.0,0.0
2026-09-26,SCR,32825-GB4-6800;S,10000.0,0.0,0.0
2026-09-26,SCR,53106-KR3-0000;S,3000.0,0.0,0.0
2026-09-26,SCR,53214-GN5-9002;S,5000.0,0.0,0.0
2026-09-26,SCR,63488-0K040;S,600.0,0.0,0.0
2026-09-26,SCR,63489-0G030;S,600.0,0.0,0.0
2026-09-26,SCR,64315-K0BA-T004;S,200.0,0.0,0.0
2026-09-26,SCR,64316-K0BA-T004;S,200.0,0.0,0.0
2026-09-26,SCR,64320-GN5-9400;S,200.0,0.0,0.0
2026-09-26,SCR,64325-K0BA-T004;S,240.0,0.0,0.0
2026-09-26,SCR,64326-K0BA-T004;S,240.0,0.0,0.0
2026-09-26,SCR,866.1.314.1A;S,2000.0,0.0,0.0
2026-09-26,SCR,883243-10340;S,4000.0,0.0,0.0
2026-09-26,SCR,898110-2312;S,2520.0,0.0,0.0
2026-09-26,SCR,8981861020;S,800.0,0.0,0.0
2026-09-26,SCR,8983649480-04;S,500.0,0.0,0.0
2026-09-26,SCR,90480-T0003;S,900.0,0.0,0.0
2026-09-26,SCR,98132552;S,450.0,0.0,0.0
2026-09-26,SCR,H011-JD9-9810;S,1200.0,0.0,0.0
2026-09-26,SCR,MD188435;S,120.0,0.0,0.0
2026-09-26,SCR,RG619-09020-58;S,1000.0,0.0,0.0
2026-09-26,SCR,TG4-73136-1000-D;S,1000.0,0.0,0.0
2026-09-26,TEP,10060-4029N;S,1000.0,0.0,0.0
2026-09-26,TEP,11066-011-00;S,4000.0,0.0,0.0
2026-09-26,TEP,16346-0K010N;S,10000.0,0.0,0.0
2026-09-26,TEP,52170-MKPH-DN02;S,300.0,0.0,0.0
2026-09-26,TEP,91303-001-0100;S,8000.0,0.0,0.0
2026-09-26,WCL,1209421300;S,6000.0,0.0,0.0
2026-09-26,WCL,14610-086-01-PND;S,500.0,0.0,0.0
2026-09-26,WCL,14620-K1MA-T002;S,5200.0,0.0,0.0
2026-09-26,WCL,15422-Z0Z-0003;S,1250.0,0.0,0.0
2026-09-26,WCL,1750A-K3MF-T001;S,1200.0,0.0,0.0
2026-09-26,WCL,4P085180-1A;S,4000.0,0.0,0.0
2026-09-26,WCL,66844-SA7-0000;S,6000.0,0.0,0.0
2026-09-26,WCL,74172-SWA-0000;S,2400.0,0.0,0.0
2026-09-26,WCL,897947-0790;S,3000.0,0.0,0.0
2026-09-26,WCL,GA669-00260;S,1000.0,0.0,0.0
2026-09-26,WCL,HTF01-533-0A-TS;S,600.0,0.0,0.0
2026-09-26,WCL,MU670023;S,3000.0,0.0,0.0
2026-09-26,WCL,STE-0001;S,2100.0,0.0,0.0
2026-09-28,CRM,22804-GB2-00-KVB;S,12000.0,0.0,0.0
2026-09-28,CRM,34-D046-99-3;S,6000.0,0.0,0.0
2026-09-28,CRM,53735-KK010;S,600.0,0.0,0.0
2026-09-28,CRM,53735-KK040;S,2000.0,0.0,0.0
2026-09-28,CRM,53885-KK020;S,5000.0,0.0,0.0
2026-09-28,CRM,55332-94L00;S,300.0,0.0,0.0
2026-09-28,CRM,8983939444;S,900.0,0.0,0.0
2026-09-28,CRM,8983939450;S,900.0,0.0,0.0
2026-09-28,CRM,98132554;S,450.0,0.0,0.0
2026-09-28,SCR,1209421300;S,6000.0,0.0,0.0
2026-09-28,SCR,12312-ZOH-3000;S,1500.0,0.0,0.0
2026-09-28,SCR,137974-10210-B;S,2400.0,0.0,0.0
2026-09-28,SCR,14093-1543;S,240.0,0.0,0.0
2026-09-28,SCR,14610-086-0100;S,1000.0,0.0,0.0
2026-09-28,SCR,15613-PC6-0000;S,1080.0,0.0,0.0
2026-09-28,SCR,22804-GB2-0000;S,12000.0,0.0,0.0
2026-09-28,SCR,48978-P9400;S,500.0,0.0,0.0
2026-09-28,SCR,48979-P9400;S,500.0,0.0,0.0
2026-09-28,SCR,53214-GN5-9002;S,5000.0,0.0,0.0
2026-09-28,SCR,63488-0K040;S,600.0,0.0,0.0
2026-09-28,SCR,63834A000P;S,640.0,0.0,0.0
2026-09-28,SCR,64315-K0BA-T004;S,400.0,0.0,0.0
2026-09-28,SCR,64316-K0BA-T004;S,400.0,0.0,0.0
2026-09-28,SCR,64326-K0BA-T004;S,240.0,0.0,0.0
2026-09-28,SCR,67836-12040;S,1600.0,0.0,0.0
2026-09-28,SCR,866.1.314.1A;S,2000.0,0.0,0.0
2026-09-28,SCR,883243-10340;S,4000.0,0.0,0.0
2026-09-28,SCR,8981861020;S,800.0,0.0,0.0
2026-09-28,SCR,90430-345FM;S,10400.0,0.0,0.0
2026-09-28,SCR,92160-1167A;S,4000.0,0.0,0.0
2026-09-28,SCR,98132552;S,450.0,0.0,0.0
2026-09-28,SCR,E001-6220-3;S,12000.0,0.0,0.0
2026-09-28,SCR,H011-JD9-9810;S,1200.0,0.0,0.0
2026-09-28,SCR,HR215K3NLA-01;S,2160.0,0.0,0.0
2026-09-28,SCR,MD188435;S,120.0,0.0,0.0
2026-09-28,SCR,RG619-09020-58;S,1000.0,0.0,0.0
2026-09-28,SCR,RMS-LW-Z21;S,500.0,0.0,0.0
2026-09-28,SCR,TG4-73136-1000-D;S,1000.0,0.0,0.0
2026-09-28,WCL,1209421300;S,6000.0,0.0,0.0
2026-09-28,WCL,14510-K1MA-T001;S,4500.0,0.0,0.0
2026-09-28,WCL,14610-KWBA-6000;S,4000.0,0.0,0.0
2026-09-28,WCL,15422-Z0H-0003;S,800.0,0.0,0.0
2026-09-28,WCL,1750A-K3MF-T001;S,1200.0,0.0,0.0
2026-09-28,WCL,4P085180-1A;S,4000.0,0.0,0.0
2026-09-28,WCL,52170-MLCA-D000;S,600.0,0.0,0.0
2026-09-28,WCL,74172-SWA-0000;S,2400.0,0.0,0.0
2026-09-28,WCL,8983956060;S,10200.0,0.0,0.0
2026-09-28,WCL,HTF01-533-0A-TS;S,600.0,0.0,0.0
2026-09-28,WCL,STE-0001;S,2100.0,0.0,0.0
2026-09-28,WCL,Z10-14B5A;S,5600.0,0.0,0.0
2026-09-29,CRM,22804-GB2-00-KVB;S,12000.0,0.0,0.0
2026-09-29,CRM,53735-KK040;S,3000.0,0.0,0.0
2026-09-29,CRM,53885-KK010;S,1000.0,0.0,0.0
2026-09-29,CRM,53885-KK020;S,5000.0,0.0,0.0
2026-09-29,CRM,98132554;S,450.0,0.0,0.0
2026-09-29,MCR,53735-KK020;S,1000.0,0.0,0.0
2026-09-29,MCR,53735-KK030;S,700.0,0.0,0.0
2026-09-29,MCR,54125-99J00;S,480.0,0.0,0.0
2026-09-29,MCR,89735-42040;S,900.0,0.0,0.0
2026-09-29,PKPS,17525-K0J-N000;S,2160.0,0.0,0.0
2026-09-29,PKPS,232485;S,768.0,0.0,0.0
2026-09-29,PKPS,42014-030-3;S,400.0,0.0,0.0
2026-09-29,PKPS,4PA38622-1;S,8000.0,0.0,0.0
2026-09-29,PKPS,4W4J71789;S,2400.0,0.0,0.0
2026-09-29,PKPS,50524-K1MA-T002;S,4000.0,0.0,0.0
2026-09-29,PKPS,52170-MLBA-D000;S,600.0,0.0,0.0
2026-09-29,PKPS,63486-0K040;S,1800.0,0.0,0.0
2026-09-29,PKPS,73847-0K010;S,2000.0,0.0,0.0
2026-09-29,PKPS,8976538790;S,540.0,0.0,0.0
2026-09-29,PKPS,93848A000P;S,300.0,0.0,0.0
2026-09-29,PKPS,DPR-E132;S,2000.0,0.0,0.0
2026-09-29,PKPS,HSAA2-758-1B-TS;S,5100.0,0.0,0.0
2026-09-29,PKPS,MU670024;S,12000.0,0.0,0.0
2026-09-29,PKPS,MU670025;S,5100.0,0.0,0.0
2026-09-29,PKPS,TG028065-0750;S,4000.0,0.0,0.0
2026-09-29,PKPS,TG028065-1040;S,1000.0,0.0,0.0
2026-09-29,SCR,1209421300;S,6000.0,0.0,0.0
2026-09-29,SCR,137974-10210-B;S,2400.0,0.0,0.0
2026-09-29,SCR,14610-086-0100;S,1000.0,0.0,0.0
2026-09-29,SCR,19126-MKPA-J002;S,250.0,0.0,0.0
2026-09-29,SCR,22804-GB2-0000;S,12000.0,0.0,0.0
2026-09-29,SCR,3.300.0261;S,3000.0,0.0,0.0
2026-09-29,SCR,32825-GB4-6800;S,10000.0,0.0,0.0
2026-09-29,SCR,53214-GN5-9002;S,5000.0,0.0,0.0
2026-09-29,SCR,54145-89L00;S,240.0,0.0,0.0
2026-09-29,SCR,63488-0K040;S,600.0,0.0,0.0
2026-09-29,SCR,64315-K0BA-T004;S,200.0,0.0,0.0
2026-09-29,SCR,64316-K0BA-T004;S,200.0,0.0,0.0
2026-09-29,SCR,64326-K0BA-T004;S,240.0,0.0,0.0
2026-09-29,SCR,866.1.314.1A;S,2000.0,0.0,0.0
2026-09-29,SCR,883243-10340;S,4000.0,0.0,0.0
2026-09-29,SCR,897354-2060;S,540.0,0.0,0.0
2026-09-29,SCR,8981861020;S,800.0,0.0,0.0
2026-09-29,SCR,90080-48067;S,200.0,0.0,0.0
2026-09-29,SCR,90480-T0003;S,900.0,0.0,0.0
2026-09-29,SCR,98132552;S,450.0,0.0,0.0
2026-09-29,SCR,A16-02800;S,3000.0,0.0,0.0
2026-09-29,SCR,H011-JD9-9810;S,1200.0,0.0,0.0
2026-09-29,SCR,HR215K3NLA-01;S,2160.0,0.0,0.0
2026-09-29,SCR,KEV-20503-4001;S,1000.0,0.0,0.0
2026-09-29,SCR,MR403645;S,100.0,0.0,0.0
2026-09-29,SCR,RMS-LW-Z16;S,300.0,0.0,0.0
2026-09-29,SCR,TG028065-1000;S,5000.0,0.0,0.0
2026-09-29,TEP,10060-4029N;S,1000.0,0.0,0.0
2026-09-29,TEP,11066-011-00;S,4000.0,0.0,0.0
2026-09-29,TEP,16346-0K010N;S,15000.0,0.0,0.0
2026-09-29,TEP,91303-001-0100;S,8000.0,0.0,0.0
2026-09-29,TEP,92113-22J10;S,2400.0,0.0,0.0
2026-09-29,TPS,42653-001-0041;S,16000.0,0.0,0.0
2026-09-29,TPS,53106-KR3-0000;S,6000.0,0.0,0.0
2026-09-29,TPS,53214-GN5-9002;S,10000.0,0.0,0.0
2026-09-29,TPS,83551-GE2-0000;S,24000.0,0.0,0.0
2026-09-29,TPS,91307-035-0000;S,15000.0,0.0,0.0
2026-09-29,TPS,91598-S9A-A000;S,1000.0,0.0,0.0
2026-09-29,TPS,92071-1105;S,300.0,0.0,0.0
2026-09-29,TPS,92075-1123A;S,3000.0,0.0,0.0
2026-09-29,TPS,99224-25001;S,5400.0,0.0,0.0
2026-09-29,TPS,S04-5132G-6000;S,1000.0,0.0,0.0
2026-09-29,WCL,1209421300;S,6000.0,0.0,0.0
2026-09-29,WCL,14610-086-01-PND;S,500.0,0.0,0.0
2026-09-29,WCL,14620-K1MA-T002;S,5200.0,0.0,0.0
2026-09-29,WCL,15422-Z0Z-0003;S,1250.0,0.0,0.0
2026-09-29,WCL,1750A-K3MF-T001;S,1200.0,0.0,0.0
2026-09-29,WCL,4P085180-1A;S,4000.0,0.0,0.0
2026-09-29,WCL,67836-02030;S,6000.0,0.0,0.0
2026-09-29,WCL,8317341600;S,2340.0,0.0,0.0
2026-09-29,WCL,ER291-99740;S,300.0,0.0,0.0
2026-09-29,WCL,HTF01-533-0A-TS;S,600.0,0.0,0.0
2026-09-29,WCL,STE-0001;S,2100.0,0.0,0.0
2026-09-30,CRM,22804-GB2-00-KVB;S,12000.0,0.0,0.0
2026-09-30,CRM,53735-KK010;S,600.0,0.0,0.0
2026-09-30,CRM,53735-KK040;S,2000.0,0.0,0.0
2026-09-30,CRM,53885-KK020;S,5000.0,0.0,0.0
2026-09-30,CRM,8983939444;S,900.0,0.0,0.0
2026-09-30,CRM,8983939450;S,900.0,0.0,0.0
2026-09-30,CRM,98132554;S,450.0,0.0,0.0
2026-09-30,SCR,1209421300;S,6000.0,0.0,0.0
2026-09-30,SCR,137974-10210-B;S,2400.0,0.0,0.0
2026-09-30,SCR,14093-1543;S,240.0,0.0,0.0
2026-09-30,SCR,14610-086-0100;S,1000.0,0.0,0.0
2026-09-30,SCR,15613-PC6-0000;S,1080.0,0.0,0.0
2026-09-30,SCR,22804-GB2-0000;S,12000.0,0.0,0.0
2026-09-30,SCR,50242-K87A-A000;S,2100.0,0.0,0.0
2026-09-30,SCR,53106-KR3-0000;S,3000.0,0.0,0.0
2026-09-30,SCR,53214-GN5-9002;S,5000.0,0.0,0.0
2026-09-30,SCR,63488-0K040;S,600.0,0.0,0.0
2026-09-30,SCR,63489-0G030;S,600.0,0.0,0.0
2026-09-30,SCR,63834A000P;S,640.0,0.0,0.0
2026-09-30,SCR,64315-K0BA-T004;S,400.0,0.0,0.0
2026-09-30,SCR,64316-K0BA-T004;S,400.0,0.0,0.0
2026-09-30,SCR,64326-K0BA-T004;S,240.0,0.0,0.0
2026-09-30,SCR,67836-12040;S,1600.0,0.0,0.0
2026-09-30,SCR,866.1.314.1A;S,2000.0,0.0,0.0
2026-09-30,SCR,883243-10340;S,4000.0,0.0,0.0
2026-09-30,SCR,8981861020;S,800.0,0.0,0.0
2026-09-30,SCR,92160-1167A;S,4000.0,0.0,0.0
2026-09-30,SCR,98132552;S,450.0,0.0,0.0
2026-09-30,SCR,E001-6220-3;S,12000.0,0.0,0.0
2026-09-30,SCR,H011-JD9-9810;S,1200.0,0.0,0.0
2026-09-30,SCR,HR215K3NLA-01;S,2160.0,0.0,0.0
2026-09-30,SCR,MD188435;S,120.0,0.0,0.0
2026-09-30,SCR,RG619-09020-58;S,1000.0,0.0,0.0
2026-09-30,SCR,RMS-LW-Z21;S,500.0,0.0,0.0
2026-09-30,SCR,TG4-73136-1000-D;S,1000.0,0.0,0.0
2026-09-30,WCL,1209421300;S,6000.0,0.0,0.0
2026-09-30,WCL,14510-K1MA-T001;S,4500.0,0.0,0.0
2026-09-30,WCL,15422-Z0H-0003;S,800.0,0.0,0.0
2026-09-30,WCL,1750A-K3MF-T001;S,1200.0,0.0,0.0
2026-09-30,WCL,4P085180-1A;S,4000.0,0.0,0.0
2026-09-30,WCL,74172-SWA-0000;S,2400.0,0.0,0.0
2026-09-30,WCL,897947-0790;S,3000.0,0.0,0.0
2026-09-30,WCL,HTF01-533-0A-TS;S,600.0,0.0,0.0
2026-09-30,WCL,STE-0001;S,2100.0,0.0,0.0
2026-09-30,WCL,Z10-14B5A;S,5600.0,0.0,0.0
